DATE,Time (hour),pH,N (mg/kg),P (mg/kg),K (mg/kg)
11/1/2024,21,6.6,53,5,18
11/1/2024,21,6.6,53,5,18
11/1/2024,21,6.6,53,5,18
11/1/2024,21,6.6,53,5,18
11/1/2024,21,6.6,53,5,18
11/1/2024,21,6.6,53,5,18
11/1/2024,21,6.6,53,5,18
11/1/2024,21,6.6,53,5,18
11/1/2024,21,6.6,53,5,18
11/1/2024,21,6.6,53,5.2,18
11/1/2024,21,6.6,53,5,18
11/1/2024,21,6.6,53,5,18
11/1/2024,21,6.6,53,5,18
11/1/2024,21,6.6,53,5,18
11/1/2024,21,6.6,53,5,18
11/1/2024,21,6.6,53,5,18
11/1/2024,21,6.6,53,5,18
11/1/2024,21,6.6,53,5,18
11/1/2024,21,6.6,53,5,18
11/1/2024,21,6.6,53,5,18
11/1/2024,21,6.6,53,5,18
11/1/2024,21,6.6,53,5,18
11/1/2024,21,6.6,53,5,18
11/1/2024,21,6.6,53,5,18
11/1/2024,21,6.6,53,5,18
11/1/2024,21,6.6,53,5,18
11/1/2024,21,6.6,53,5,18
11/1/2024,21,6.6,53,5,18
11/1/2024,21,6.6,53,5,18
11/1/2024,21,6.6,53,5,18
11/1/2024,21,6.6,53,5,18
11/1/2024,21,6.6,53,5,18
11/1/2024,21,6.6,53,5,18
11/1/2024,21,6.6,53,5,18
11/1/2024,21,6.6,53,5,18
11/1/2024,21,6.6,53,5,18
11/1/2024,21,6.6,53,5,18
11/1/2024,21,6.6,53,5,18
11/1/2024,21,6.6,53,5,18
11/1/2024,21,6.6,53,5,18
11/1/2024,21,6.6,53,5,18
11/1/2024,21,6.6,53,5,18
11/1/2024,21,6.6,53,5,18
11/1/2024,21,6.6,53,5,18
11/1/2024,21,6.6,53,5,18
11/1/2024,21,6.6,53,5,18
11/1/2024,21,6.6,53,5,18
11/1/2024,21,6.6,53,5,18
11/1/2024,21,6.6,53,5,18
11/1/2024,21,6.6,53,5,18
11/1/2024,21,6.6,53,5,18
11/1/2024,21,6.6,53,5,18
11/1/2024,21,6.6,53,5,18
11/1/2024,21,6.6,53,5,18
11/1/2024,21,6.6,53,5,18
11/1/2024,21,6.6,53,5,18
11/1/2024,21,6.6,53,5,18
11/1/2024,21,6.6,53,5,18
11/1/2024,21,6.6,53,5,18
11/1/2024,21,6.6,53,5,18
11/1/2024,21,6.6,53,5,18
11/1/2024,21,6.6,53,5,18
11/1/2024,21,6.6,53,5,18
11/1/2024,21,6.6,53,5,18
11/1/2024,21,6.6,53,5,18
11/1/2024,21,6.6,53,5,18
11/1/2024,21,6.6,53,5,18
11/1/2024,21,6.6,53,5,18
11/1/2024,21,6.6,53,5,18
11/1/2024,21,6.6,53,5,18
11/1/2024,21,6.6,53,5,18
11/1/2024,21,6.6,53,5,18
11/1/2024,21,6.6,53,5,18
11/1/2024,22,6.6,53,5,18
11/1/2024,22,6.6,53,5,18
11/1/2024,22,6.6,53,5,18
11/1/2024,22,6.6,53,5,18
11/1/2024,22,6.6,53,5,18
11/1/2024,22,6.6,53,5,18
11/1/2024,22,6.6,53,5,18
11/1/2024,22,6.6,53,5,18
11/1/2024,22,6.6,53,5,18
11/1/2024,22,6.6,53,5,18
11/1/2024,22,6.6,53,5,18
11/1/2024,22,6.6,53,5,18
11/1/2024,22,6.6,53,5,18
11/1/2024,22,6.6,53,5,18
11/1/2024,22,6.6,53,5,18
11/1/2024,22,6.6,53,5,18
11/1/2024,22,6.6,53,5,18
11/1/2024,22,6.6,53,5,18
11/1/2024,22,6.6,53,5,18
11/1/2024,22,6.6,53,5,18
11/1/2024,22,6.6,53,5,18
11/1/2024,22,6.6,53,5,18
11/1/2024,22,6.6,53,5,18
11/1/2024,22,6.6,53,5,18
11/1/2024,22,6.6,53,5,18
11/1/2024,22,6.6,53,5,18
11/1/2024,22,6.6,53,5,18
11/1/2024,22,6.6,53,5,18
11/1/2024,22,6.6,53,5,18
11/1/2024,22,6.6,53,5,18
11/1/2024,22,6.6,53,5,18
11/1/2024,22,6.6,53,5,18
11/1/2024,22,6.6,53,5,18
11/1/2024,22,6.6,53,5,18
11/1/2024,22,6.6,53,5,18
11/1/2024,22,6.6,53,5,18
11/1/2024,22,6.6,53,5,18
11/1/2024,22,6.6,53,5,18
11/1/2024,22,6.6,53,5,18
11/1/2024,22,6.6,53,5,18
11/1/2024,22,6.6,53,5,18
11/1/2024,22,6.6,53,5,18
11/1/2024,22,6.6,53,5,18
11/1/2024,22,6.6,53,5,18
11/1/2024,22,6.6,53,5,18
11/1/2024,22,6.6,53,5,18
11/1/2024,22,6.6,53,5,18
11/1/2024,22,6.6,53,5,18
11/1/2024,22,6.6,53,5,18
11/1/2024,22,6.6,53,5,18
11/1/2024,22,6.6,53,5,18
11/1/2024,22,6.6,53,5,18
11/1/2024,22,6.6,53,5,18
11/1/2024,22,6.6,53,5,18
11/1/2024,22,6.6,53,5,18
11/1/2024,22,6.6,53,5,18
11/1/2024,22,6.6,53,5,18
11/1/2024,22,6.6,53,5,18
11/1/2024,22,6.6,53,5,18
11/1/2024,22,6.6,53,5,18
11/1/2024,22,6.6,53,5,18
11/1/2024,22,6.6,53,5,18
11/1/2024,22,6.6,53,5,18
11/1/2024,22,6.6,53,5,18
11/1/2024,22,6.6,53,5,18
11/1/2024,22,6.6,53,5,18
11/1/2024,22,6.6,53,5,18
11/1/2024,22,6.6,53,5,18
11/1/2024,22,6.6,53,5,18
11/1/2024,22,6.6,53,5,18
11/1/2024,22,6.6,53,5,18
11/1/2024,22,6.6,53,5,18
11/1/2024,22,6.6,53,5,18
11/1/2024,22,6.6,53,5,18
11/1/2024,22,6.6,53,5,18
11/1/2024,22,6.6,53,5,18
11/1/2024,22,6.6,53,5,18
11/1/2024,22,6.6,53,5,18
11/1/2024,22,6.6,53,5,18
11/1/2024,22,6.6,53,5,18
11/1/2024,22,6.6,53,5,18
11/1/2024,22,6.6,53,5,18
11/1/2024,22,6.6,53,5,18
11/1/2024,22,6.6,53,5,18
11/1/2024,22,6.6,53,5,18
11/1/2024,22,6.6,53,5,18
11/1/2024,22,6.6,53,5,18
11/1/2024,22,6.6,53,5,18
11/1/2024,22,6.6,53,5,18
11/1/2024,22,6.6,53,5,18
11/1/2024,22,6.6,53,5,18
11/1/2024,22,6.6,53,5,18
11/1/2024,22,6.6,53,5,18
11/1/2024,22,6.6,53,5,18
11/1/2024,23,6.6,53,5,18
11/1/2024,23,6.6,53,5,18
11/1/2024,23,6.6,53,5,18
11/1/2024,23,6.6,53,5,18
11/1/2024,23,6.6,53,5,18
11/1/2024,23,6.6,53,5,18
11/1/2024,23,6.6,53,5,18
11/1/2024,23,6.6,53,5,18
11/1/2024,23,6.6,53,5,18
11/1/2024,23,6.6,53,5,18
11/1/2024,23,6.6,53,5,18
11/1/2024,23,6.6,53,5,18
11/1/2024,23,6.6,53,5,18
11/1/2024,23,6.6,53,5,18
11/1/2024,23,6.6,53,5,18
11/1/2024,23,6.6,53,5,18
11/1/2024,23,6.6,53,5,18
11/1/2024,23,6.6,53,5,18
11/1/2024,23,6.6,53,5,18
11/1/2024,23,6.6,53,5,18
11/1/2024,23,6.6,53,5,18
11/1/2024,23,6.6,53,5,18
11/1/2024,23,6.6,53,5,18
11/1/2024,23,6.6,53,5,18
11/1/2024,23,6.6,53,5,18
11/1/2024,23,6.6,53,5,18
11/1/2024,23,6.6,53,5,18
11/1/2024,23,6.6,53,5,18
11/1/2024,23,6.6,53,5,18
11/1/2024,23,6.6,53,5,18
11/1/2024,23,6.6,53,5,18
11/1/2024,23,6.6,53,5,18
11/1/2024,23,6.6,53,5,18
11/1/2024,23,6.6,53,5,18
11/1/2024,23,6.6,53,5,18
11/1/2024,23,6.6,53,5,18
11/1/2024,23,6.6,53,5,18
11/1/2024,23,6.6,53,5,18
11/1/2024,23,6.6,53,5,18
11/1/2024,23,6.6,53,5,18
11/1/2024,23,6.6,53,5,18
11/1/2024,23,6.6,53,5,18
11/1/2024,23,6.6,53,5,18
11/1/2024,23,6.6,53,5,18
11/1/2024,23,6.6,53,5,18
11/1/2024,23,6.6,53,5,18
11/1/2024,23,6.6,53,5,18
11/1/2024,23,6.6,53,5,18
11/1/2024,23,6.6,53,5,18
11/1/2024,23,6.6,53,5,18
11/1/2024,23,6.6,53,5,18
11/1/2024,23,6.6,53,5,18
11/1/2024,23,6.6,53,5,18
11/1/2024,23,6.6,53,5,18
11/1/2024,23,6.6,53,5,18
11/1/2024,23,6.6,53,5,18
11/1/2024,23,6.6,53,5,18
11/1/2024,23,6.6,53,5,18
11/1/2024,23,6.6,53,5,18
11/1/2024,23,6.6,53,5,18
11/1/2024,23,6.6,53,5,18
11/1/2024,23,6.6,53,5,18
11/1/2024,23,6.6,53,5,18
11/1/2024,23,6.6,53,5,18
11/1/2024,23,6.6,53,5,18
11/1/2024,23,6.6,53,5,18
11/1/2024,23,6.6,53,5,18
11/1/2024,23,6.6,53,5,18
11/1/2024,23,6.6,53,5,18
11/1/2024,23,6.6,53,5,18
11/1/2024,23,6.6,53,5,18
11/1/2024,23,6.6,53,5,18
11/1/2024,23,6.6,53,5,18
11/1/2024,23,6.6,53,5,18
11/1/2024,23,6.6,53,5,18
11/1/2024,23,6.6,53,5,18
11/1/2024,23,6.6,53,5,18
11/1/2024,23,6.6,53,5,18
11/1/2024,23,6.6,53,5,18
11/1/2024,23,6.6,53,5,18
11/1/2024,23,6.6,53,5,18
11/1/2024,23,6.6,53,5,18
11/1/2024,23,6.6,53,5,18
11/1/2024,23,6.6,53,5,18
11/1/2024,23,6.6,53,5,18
11/1/2024,23,6.6,53,5,18
11/1/2024,23,6.6,53,5,18
11/1/2024,23,6.6,53,5,18
11/1/2024,23,6.6,53,5,18
11/1/2024,23,6.6,53,5,18
11/1/2024,23,6.6,53,5,18
11/1/2024,23,6.6,53,5,18
11/1/2024,23,6.6,53,5,18
11/1/2024,23,6.6,53,5,18
11/1/2024,23,6.6,53,5,18
11/1/2024,23,6.6,53,5,18
11/1/2024,23,6.6,53,5,18
11/1/2024,23,6.6,53,5,18
11/1/2024,23,6.6,53,5,18
11/1/2024,23,6.6,53,5,18
11/1/2024,23,6.6,53,5,18
11/1/2024,23,6.6,53,5,18
11/1/2024,23,6.6,53,5,18
11/1/2024,23,6.6,53,5,18
11/1/2024,23,6.6,53,5,18
11/1/2024,23,6.6,53,5,18
11/1/2024,23,6.6,53,5,18
11/1/2024,23,6.6,53,5,18
11/1/2024,23,6.6,53,5,18
11/1/2024,23,6.6,53,5,18
11/1/2024,23,6.6,53,5,18
11/1/2024,23,6.6,53,5,18
11/1/2024,23,6.6,53,5,18
11/1/2024,23,6.6,53,5,18
11/1/2024,23,6.6,53,5,18
11/1/2024,23,6.6,53,5,18
12/1/2024,24,6.6,53,5,18
12/1/2024,24,6.6,53,5,18
12/1/2024,24,6.6,53,5,18
12/1/2024,24,6.6,53,5,18
12/1/2024,24,6.6,53,5,18
12/1/2024,24,6.6,53,5,18
12/1/2024,24,6.6,53,5,18
12/1/2024,24,6.6,53,5,18
12/1/2024,24,6.6,53,5,18
12/1/2024,24,6.6,53,5,18
12/1/2024,24,6.6,53,5,18
12/1/2024,24,6.6,53,5,18
12/1/2024,24,6.6,53,5,18
12/1/2024,24,6.6,53,5,18
12/1/2024,24,6.6,53,5,18
12/1/2024,24,6.6,53,5,18
12/1/2024,24,6.6,53,5,18
12/1/2024,24,6.6,53,5,18
12/1/2024,24,6.6,53,5,18
12/1/2024,24,6.6,53,5,18
12/1/2024,24,6.6,53,5,18
12/1/2024,24,6.6,53,5,18
12/1/2024,24,6.6,53,5,18
12/1/2024,24,6.6,53,5,18
12/1/2024,24,6.6,53,5,18
12/1/2024,24,6.6,53,5,18
12/1/2024,24,6.6,53,5,18
12/1/2024,24,6.6,53,5,18
12/1/2024,24,6.6,53,5,18
12/1/2024,24,6.6,53,5,18
12/1/2024,24,6.6,53,5,18
12/1/2024,24,6.6,53,5,18
12/1/2024,24,6.6,53,5,18
12/1/2024,24,6.6,53,5,18
12/1/2024,24,6.6,53,5,18
12/1/2024,24,6.6,53,5,18
12/1/2024,24,6.6,53,5,18
12/1/2024,24,6.6,53,5,18
12/1/2024,24,6.6,53,5,18
12/1/2024,24,6.6,53,5,18
12/1/2024,24,6.6,53,5,18
12/1/2024,24,6.6,53,5,18
12/1/2024,24,6.6,53,5,18
12/1/2024,24,6.6,53,5,18
12/1/2024,24,6.6,53,5,18
12/1/2024,24,6.6,53,5,18
12/1/2024,24,6.6,53,5,18
12/1/2024,24,6.6,53,5,18
12/1/2024,24,6.6,53,5,18
12/1/2024,24,6.6,53,5,18
12/1/2024,24,6.6,53,5,18
12/1/2024,24,6.6,53,5,18
12/1/2024,24,6.6,53,5,18
12/1/2024,24,6.6,53,5,18
12/1/2024,24,6.6,53,5,18
12/1/2024,24,6.6,53,5,18
12/1/2024,24,6.6,53,5,18
12/1/2024,24,6.6,53,5,18
12/1/2024,24,6.6,53,5,18
12/1/2024,24,6.6,53,5,18
12/1/2024,24,6.6,53,5,18
12/1/2024,24,6.6,53,5,18
12/1/2024,24,6.6,53,5,18
12/1/2024,24,6.6,53,5,18
12/1/2024,24,6.6,53,5,18
12/1/2024,24,6.6,53,5,18
12/1/2024,24,6.6,53,5,18
12/1/2024,24,6.6,53,5,18
12/1/2024,24,6.6,53,5,18
12/1/2024,24,6.6,53,5,18
12/1/2024,24,6.6,53,5,18
12/1/2024,24,6.6,54,5,18
12/1/2024,24,6.6,54,5,18
12/1/2024,24,6.6,54,5,18
12/1/2024,24,6.6,54,5,18
12/1/2024,24,6.6,54,5,18
12/1/2024,24,6.6,54,5,18
12/1/2024,24,6.6,54,5,18
12/1/2024,24,6.6,54,5,18
12/1/2024,24,6.6,54,5,18
12/1/2024,24,6.6,54,5,18
12/1/2024,24,6.6,54,5,18
12/1/2024,24,6.6,54,5,18
12/1/2024,24,6.6,54,5,18
12/1/2024,24,6.6,54,5,18
12/1/2024,24,6.6,54,5,18
12/1/2024,24,6.6,54,5,18
12/1/2024,24,6.6,54,5,18
12/1/2024,24,6.6,54,5,18
12/1/2024,24,6.6,54,5,18
12/1/2024,24,6.6,54,5,18
12/1/2024,24,6.6,54,5,18
12/1/2024,24,6.6,54,5,18
12/1/2024,24,6.6,54,5,18
12/1/2024,24,6.6,54,5,18
12/1/2024,24,6.6,54,5,18
12/1/2024,24,6.6,54,5,18
12/1/2024,24,6.6,54,5,18
12/1/2024,24,6.6,54,5,18
12/1/2024,24,6.5,54,5,18
12/1/2024,24,6.5,54,5,18
12/1/2024,24,6.5,54,5,18
12/1/2024,24,6.5,54,5,18
12/1/2024,24,6.5,54,5,18
12/1/2024,24,6.5,54,5,18
12/1/2024,24,6.5,54,5,18
12/1/2024,24,6.5,54,5,18
12/1/2024,24,6.5,54,5,18
12/1/2024,24,6.5,54,5,18
12/1/2024,24,6.5,54,5,18
12/1/2024,24,6.5,54,5,18
12/1/2024,24,6.5,54,5,18
12/1/2024,24,6.5,54,5,18
12/1/2024,24,6.5,54,5,18
12/1/2024,24,6.5,54,5,18
12/1/2024,24,6.5,54,5,18
12/1/2024,24,6.5,54,5,18
12/1/2024,1,6.5,54,5,18
12/1/2024,1,6.5,54,5,18
12/1/2024,1,6.5,54,5,18
12/1/2024,1,6.5,54,5,18
12/1/2024,1,6.5,54,5,18
12/1/2024,1,6.5,54,5,18
12/1/2024,1,6.5,54,5,18
12/1/2024,1,6.5,54,5,18
12/1/2024,1,6.5,54,5,18
12/1/2024,1,6.5,54,5,18
12/1/2024,1,6.5,54,5,18
12/1/2024,1,6.5,54,5,18
12/1/2024,1,6.5,54,5,18
12/1/2024,1,6.5,54,5,18
12/1/2024,1,6.5,54,5,18
12/1/2024,1,6.5,54,5,18
12/1/2024,1,6.5,54,5,18
12/1/2024,1,6.5,54,5,18
12/1/2024,1,6.5,54,5,18
12/1/2024,1,6.5,54,5,18
12/1/2024,1,6.5,54,5,18
12/1/2024,1,6.5,54,5,18
12/1/2024,1,6.5,54,5,18
12/1/2024,1,6.5,54,5,18
12/1/2024,1,6.5,54,5,18
12/1/2024,1,6.5,54,5,18
12/1/2024,1,6.5,54,5,18
12/1/2024,1,6.5,54,5,18
12/1/2024,1,6.5,54,5,18
12/1/2024,1,6.5,54,5,18
12/1/2024,1,6.5,54,5,18
12/1/2024,1,6.5,54,5,18
12/1/2024,1,6.5,54,5,18
12/1/2024,1,6.5,54,5,18
12/1/2024,1,6.5,54,5,18
12/1/2024,1,6.5,54,5,18
12/1/2024,1,6.5,54,5,18
12/1/2024,1,6.5,54,5,18
12/1/2024,1,6.5,54,5,18
12/1/2024,1,6.5,54,5,18
12/1/2024,1,6.5,54,5,18
12/1/2024,1,6.5,54,5,18
12/1/2024,1,6.5,54,5,18
12/1/2024,1,6.5,54,5,18
12/1/2024,1,6.5,54,5,18
12/1/2024,1,6.5,54,5,18
12/1/2024,1,6.5,54,5,18
12/1/2024,1,6.5,54,5,18
12/1/2024,1,6.5,54,5,18
12/1/2024,1,6.5,54,5,18
12/1/2024,1,6.5,54,5,18
12/1/2024,1,6.5,54,5,18
12/1/2024,1,6.5,54,5,18
12/1/2024,1,6.5,54,5,18
12/1/2024,1,6.5,54,5,18
12/1/2024,1,6.5,54,5,18
12/1/2024,1,6.5,54,5,18
12/1/2024,1,6.5,54,5,18
12/1/2024,1,6.5,54,5,18
12/1/2024,1,6.5,54,5,18
12/1/2024,1,6.5,54,5,18
12/1/2024,1,6.5,54,5,18
12/1/2024,1,6.5,54,5,18
12/1/2024,1,6.5,54,5,18
12/1/2024,1,6.5,54,5,18
12/1/2024,1,6.5,54,5,18
12/1/2024,1,6.5,54,5,18
12/1/2024,1,6.5,54,5,18
12/1/2024,1,6.5,54,5,18
12/1/2024,1,6.5,54,5,18
12/1/2024,1,6.5,54,5,18
12/1/2024,1,6.5,54,5,18
12/1/2024,1,6.5,54,5,18
12/1/2024,1,6.5,54,5,18
12/1/2024,1,6.5,54,5,18
12/1/2024,1,6.5,54,5,18
12/1/2024,1,6.5,54,5,18
12/1/2024,1,6.5,54,5,18
12/1/2024,1,6.5,54,5,18
12/1/2024,1,6.5,54,5,18
12/1/2024,1,6.5,54,5,18
12/1/2024,1,6.5,54,5,18
12/1/2024,1,6.5,54,5,18
12/1/2024,1,6.5,54,5,18
12/1/2024,1,6.5,54,5,18
12/1/2024,1,6.5,54,5,18
12/1/2024,1,6.5,54,5,18
12/1/2024,1,6.5,54,5,18
12/1/2024,1,6.5,54,5,18
12/1/2024,1,6.5,54,5,18
12/1/2024,1,6.5,54,5,18
12/1/2024,1,6.5,54,5,18
12/1/2024,1,6.5,54,5,18
12/1/2024,1,6.5,54,5,18
12/1/2024,1,6.5,54,5,18
12/1/2024,1,6.5,54,5,18
12/1/2024,1,6.5,54,5,18
12/1/2024,1,6.5,54,5,18
12/1/2024,1,6.5,54,5,18
12/1/2024,1,6.5,54,5,18
12/1/2024,1,6.5,54,5,18
12/1/2024,1,6.5,54,5,18
12/1/2024,1,6.5,54,5,18
12/1/2024,1,6.5,54,5,18
12/1/2024,1,6.5,54,5,18
12/1/2024,1,6.5,54,5,18
12/1/2024,1,6.5,54,5,18
12/1/2024,1,6.5,54,5,18
12/1/2024,1,6.5,54,5,18
12/1/2024,1,6.5,54,5,18
12/1/2024,1,6.5,54,5,18
12/1/2024,1,6.5,54,5,18
12/1/2024,1,6.5,54,5,18
12/1/2024,1,6.5,54,5,18
12/1/2024,1,6.5,54,5,18
12/1/2024,1,6.5,54,5,18
12/1/2024,1,6.5,54,5,18
12/1/2024,2,6.5,54,5,18
12/1/2024,2,6.5,54,5,18
12/1/2024,2,6.5,54,5,18
12/1/2024,2,6.5,54,5,18
12/1/2024,2,6.5,54,5,18
12/1/2024,2,6.5,54,5,18
12/1/2024,2,6.5,54,5,18
12/1/2024,2,6.5,54,5,18
12/1/2024,2,6.5,54,5,18
12/1/2024,2,6.5,54,5,18
12/1/2024,2,6.5,54,5,18
12/1/2024,2,6.5,54,5,18
12/1/2024,2,6.5,54,5,18
12/1/2024,2,6.5,54,5,18
12/1/2024,2,6.5,54,5,18
12/1/2024,2,6.5,54,5,18
12/1/2024,2,6.5,54,5,18
12/1/2024,2,6.5,54,5,18
12/1/2024,2,6.5,54,5,18
12/1/2024,2,6.5,54,5,18
12/1/2024,2,6.5,54,5,18
12/1/2024,2,6.5,54,5,18
12/1/2024,2,6.5,54,5,18
12/1/2024,2,6.5,54,5,18
12/1/2024,2,6.5,54,5,18
12/1/2024,2,6.5,54,5,18
12/1/2024,2,6.5,54,5,18
12/1/2024,2,6.5,54,5,18
12/1/2024,2,6.5,54,5,18
12/1/2024,2,6.5,54,5,18
12/1/2024,2,6.5,54,5,18
12/1/2024,2,6.5,54,5,18
12/1/2024,2,6.5,54,5,18
12/1/2024,2,6.5,54,5,18
12/1/2024,2,6.5,54,5,18
12/1/2024,2,6.5,54,5,18
12/1/2024,2,6.5,54,5,18
12/1/2024,2,6.5,54,5,18
12/1/2024,2,6.5,54,5,18
12/1/2024,2,6.5,54,5,18
12/1/2024,2,6.5,54,5,18
12/1/2024,2,6.5,54,5,18
12/1/2024,2,6.5,54,5,18
12/1/2024,2,6.5,54,5,18
12/1/2024,2,6.5,54,5,18
12/1/2024,2,6.5,54,5,18
12/1/2024,2,6.5,54,5,18
12/1/2024,2,6.5,54,5,18
12/1/2024,2,6.5,54,5,18
12/1/2024,2,6.5,54,5,18
12/1/2024,2,6.5,54,5,18
12/1/2024,2,6.5,54,5,18
12/1/2024,2,6.5,54,5,18
12/1/2024,2,6.5,54,5,18
12/1/2024,2,6.5,54,5,18
12/1/2024,2,6.5,54,5,18
12/1/2024,2,6.5,54,5,18
12/1/2024,2,6.5,54,5,18
12/1/2024,2,6.5,54,5,18
12/1/2024,2,6.5,54,5,18
12/1/2024,2,6.5,54,5,18
12/1/2024,2,6.5,54,5,18
12/1/2024,2,6.5,54,5,18
12/1/2024,2,6.5,54,5,18
12/1/2024,2,6.5,54,5,18
12/1/2024,2,6.5,53,5,18
12/1/2024,2,6.5,53,5,18
12/1/2024,2,6.5,53,5,18
12/1/2024,2,6.5,53,5,18
12/1/2024,2,6.5,53,5,18
12/1/2024,2,6.5,53,5,18
12/1/2024,2,6.5,53,5,18
12/1/2024,2,6.5,53,5,18
12/1/2024,2,6.5,53,5,18
12/1/2024,2,6.5,53,5,18
12/1/2024,2,6.5,53,5,18
12/1/2024,2,6.5,53,5,18
12/1/2024,2,6.5,53,5,18
12/1/2024,2,6.5,53,5,18
12/1/2024,2,6.5,53,5,18
12/1/2024,2,6.5,53,5,18
12/1/2024,2,6.5,53,5,18
12/1/2024,2,6.5,53,5,18
12/1/2024,2,6.5,53,5,18
12/1/2024,2,6.5,53,5,18
12/1/2024,2,6.5,53,5,18
12/1/2024,2,6.5,53,5,18
12/1/2024,2,6.5,53,5,18
12/1/2024,2,6.5,53,5,18
12/1/2024,2,6.5,53,5,18
12/1/2024,2,6.5,53,5,18
12/1/2024,2,6.5,53,5,18
12/1/2024,2,6.5,53,5,18
12/1/2024,2,6.5,53,5,18
12/1/2024,2,6.5,53,5,18
12/1/2024,2,6.5,53,5,18
12/1/2024,2,6.5,53,5,18
12/1/2024,2,6.5,53,5,18
12/1/2024,2,6.5,53,5,18
12/1/2024,2,6.5,53,5,18
12/1/2024,2,6.5,53,5,18
12/1/2024,2,6.5,53,5,18
12/1/2024,2,6.5,53,5,18
12/1/2024,2,6.5,53,5,18
12/1/2024,2,6.5,53,5,18
12/1/2024,2,6.5,53,5,18
12/1/2024,2,6.5,53,5,18
12/1/2024,2,6.5,53,5,18
12/1/2024,2,6.5,53,5,18
12/1/2024,2,6.5,53,5,18
12/1/2024,2,6.5,53,5,18
12/1/2024,2,6.5,53,5,18
12/1/2024,2,6.5,53,5,18
12/1/2024,2,6.5,53,5,18
12/1/2024,2,6.5,53,5,18
12/1/2024,2,6.5,53,5,18
12/1/2024,2,6.5,53,5,18
12/1/2024,3,6.5,53,5,18
12/1/2024,3,6.5,53,5,18
12/1/2024,3,6.5,53,5,18
12/1/2024,3,6.5,53,5,18
12/1/2024,3,6.5,53,5,18
12/1/2024,3,6.5,53,5,18
12/1/2024,3,6.5,53,5,18
12/1/2024,3,6.5,53,5,18
12/1/2024,3,6.5,53,5,18
12/1/2024,3,6.5,53,5,18
12/1/2024,3,6.5,53,5,18
12/1/2024,3,6.5,53,5,18
12/1/2024,3,6.5,53,5,18
12/1/2024,3,6.5,53,5,18
12/1/2024,3,6.5,53,5,18
12/1/2024,3,6.5,53,5,18
12/1/2024,3,6.5,53,5,18
12/1/2024,3,6.5,53,5,18
12/1/2024,3,6.5,53,5,18
12/1/2024,3,6.5,53,5,18
12/1/2024,3,6.5,53,5,18
12/1/2024,3,6.5,53,5,18
12/1/2024,3,6.5,53,5,18
12/1/2024,3,6.5,53,5,18
12/1/2024,3,6.5,53,5,18
12/1/2024,3,6.5,53,5,18
12/1/2024,3,6.5,53,5,18
12/1/2024,3,6.5,53,5,18
12/1/2024,3,6.5,53,5,18
12/1/2024,3,6.5,53,5,18
12/1/2024,3,6.5,53,5,18
12/1/2024,3,6.5,53,5,18
12/1/2024,3,6.5,53,5,18
12/1/2024,3,6.5,53,5,18
12/1/2024,3,6.5,53,5,18
12/1/2024,3,6.5,53,5,18
12/1/2024,3,6.5,53,5,18
12/1/2024,3,6.5,53,5,18
12/1/2024,3,6.5,53,5,18
12/1/2024,3,6.5,53,5,18
12/1/2024,3,6.5,53,5,18
12/1/2024,3,6.5,53,5,18
12/1/2024,3,6.5,53,5,18
12/1/2024,3,6.5,53,5,18
12/1/2024,3,6.5,53,5,18
12/1/2024,3,6.5,53,5,18
12/1/2024,3,6.5,53,5,18
12/1/2024,3,6.5,53,5,18
12/1/2024,3,6.5,53,5,18
12/1/2024,3,6.5,53,5,18
12/1/2024,3,6.5,53,5,18
12/1/2024,3,6.5,53,5,18
12/1/2024,3,6.5,53,5,18
12/1/2024,3,6.5,53,5,18
12/1/2024,3,6.5,53,5,18
12/1/2024,3,6.5,53,5,18
12/1/2024,3,6.5,53,5,18
12/1/2024,3,6.5,53,5,18
12/1/2024,3,6.5,53,5,18
12/1/2024,3,6.5,53,5,18
12/1/2024,3,6.5,53,5,18
12/1/2024,3,6.5,53,5,18
12/1/2024,3,6.5,53,5,18
12/1/2024,3,6.5,53,5,18
12/1/2024,3,6.5,53,5,18
12/1/2024,3,6.5,53,5,18
12/1/2024,3,6.5,53,5,18
12/1/2024,3,6.5,53,5,18
12/1/2024,3,6.5,53,5,18
12/1/2024,3,6.5,53,5,18
12/1/2024,3,6.5,53,5,18
12/1/2024,3,6.5,53,5,18
12/1/2024,3,6.5,53,5,18
12/1/2024,3,6.5,53,5,18
12/1/2024,3,6.5,53,5,18
12/1/2024,3,6.5,53,5,18
12/1/2024,3,6.5,53,5,18
12/1/2024,3,6.5,53,5,18
12/1/2024,3,6.5,53,5,18
12/1/2024,3,6.5,53,5,18
12/1/2024,3,6.5,53,5,18
12/1/2024,3,6.5,53,5,18
12/1/2024,3,6.5,53,5,18
12/1/2024,3,6.5,53,5,18
12/1/2024,3,6.5,53,5,18
12/1/2024,3,6.5,53,5,18
12/1/2024,3,6.5,53,5,18
12/1/2024,3,6.5,53,5,18
12/1/2024,3,6.5,53,5,18
12/1/2024,3,6.5,53,5,18
12/1/2024,3,6.5,53,5,18
12/1/2024,3,6.5,53,5,18
12/1/2024,3,6.5,53,5,18
12/1/2024,3,6.5,53,5,18
12/1/2024,3,6.5,53,5,18
12/1/2024,3,6.5,53,5,18
12/1/2024,3,6.5,53,5,18
12/1/2024,3,6.5,53,5,18
12/1/2024,3,6.5,53,5,18
12/1/2024,3,6.5,53,5,18
12/1/2024,3,6.5,53,5,18
12/1/2024,3,6.5,53,5,18
12/1/2024,3,6.5,53,5,18
12/1/2024,3,6.5,53,5,18
12/1/2024,3,6.5,53,5,18
12/1/2024,3,6.5,53,5,18
12/1/2024,3,6.5,53,5,18
12/1/2024,3,6.5,53,5,18
12/1/2024,3,6.5,53,5,18
12/1/2024,3,6.5,53,5,18
12/1/2024,3,6.5,53,5,18
12/1/2024,3,6.5,53,5,18
12/1/2024,3,6.5,53,5,18
12/1/2024,3,6.5,53,5,18
12/1/2024,3,6.5,53,5,18
12/1/2024,3,6.5,53,5,18
12/1/2024,3,6.5,53,5,18
12/1/2024,4,6.5,53,5,18
12/1/2024,4,6.5,53,5,18
12/1/2024,4,6.5,53,5,18
12/1/2024,4,6.5,53,5,18
12/1/2024,4,6.5,53,5,18
12/1/2024,4,6.5,53,5,18
12/1/2024,4,6.5,53,5,18
12/1/2024,4,6.5,53,5,18
12/1/2024,4,6.5,53,5,18
12/1/2024,4,6.5,53,5,18
12/1/2024,4,6.5,53,5,18
12/1/2024,4,6.5,53,5,18
12/1/2024,4,6.5,53,5,18
12/1/2024,4,6.5,53,5,18
12/1/2024,4,6.5,53,5,18
12/1/2024,4,6.5,53,5,18
12/1/2024,4,6.5,53,5,18
12/1/2024,4,6.5,53,5,18
12/1/2024,4,6.5,53,5,18
12/1/2024,4,6.5,53,5,18
12/1/2024,4,6.5,53,5,18
12/1/2024,4,6.5,53,5,18
12/1/2024,4,6.5,53,5,18
12/1/2024,4,6.5,53,5,18
12/1/2024,4,6.5,53,5,18
12/1/2024,4,6.5,53,5,18
12/1/2024,4,6.5,53,5,18
12/1/2024,4,6.5,53,5,18
12/1/2024,4,6.5,53,5,18
12/1/2024,4,6.5,53,5,18
12/1/2024,4,6.5,53,5,18
12/1/2024,4,6.5,53,5,18
12/1/2024,4,6.5,53,5,18
12/1/2024,4,6.5,53,5,18
12/1/2024,4,6.5,53,5,18
12/1/2024,4,6.5,53,5,18
12/1/2024,4,6.5,53,5,18
12/1/2024,4,6.5,53,5,18
12/1/2024,4,6.5,53,5,18
12/1/2024,4,6.5,53,5,18
12/1/2024,4,6.5,53,5,18
12/1/2024,4,6.5,53,5,18
12/1/2024,4,6.5,53,5,18
12/1/2024,4,6.5,53,5,18
12/1/2024,4,6.5,53,5,18
12/1/2024,4,6.5,53,5,18
12/1/2024,4,6.5,53,5,18
12/1/2024,4,6.5,53,5,18
12/1/2024,4,6.5,53,5,18
12/1/2024,4,6.5,53,5,18
12/1/2024,4,6.5,53,5,18
12/1/2024,4,6.5,53,5,18
12/1/2024,4,6.5,53,5,18
12/1/2024,4,6.5,53,5,18
12/1/2024,4,6.5,53,5,18
12/1/2024,4,6.5,53,5,18
12/1/2024,4,6.5,53,5,18
12/1/2024,4,6.5,53,5,18
12/1/2024,4,6.5,53,5,18
12/1/2024,4,6.5,53,5,18
12/1/2024,4,6.5,53,5,18
12/1/2024,4,6.5,53,5,18
12/1/2024,4,6.5,53,5,18
12/1/2024,4,6.5,53,5,18
12/1/2024,4,6.5,53,5,18
12/1/2024,4,6.5,53,5,18
12/1/2024,4,6.5,53,5,18
12/1/2024,4,6.5,53,5,18
12/1/2024,4,6.5,53,5,18
12/1/2024,4,6.5,53,5,18
12/1/2024,4,6.5,53,5,18
12/1/2024,4,6.5,53,5,18
12/1/2024,4,6.5,53,5,18
12/1/2024,4,6.5,53,5,18
12/1/2024,4,6.3,53,5,18
12/1/2024,4,6.3,53,5,18
12/1/2024,4,6.3,53,5,18
12/1/2024,4,6.3,53,5,18
12/1/2024,4,6.3,53,5,18
12/1/2024,4,6.3,53,5,18
12/1/2024,4,6.3,53,5,18
12/1/2024,4,6.3,53,5,18
12/1/2024,4,6.3,53,5,18
12/1/2024,4,6.3,53,5,18
12/1/2024,4,6.3,53,5,18
12/1/2024,4,6.3,53,5,18
12/1/2024,4,6.3,53,5,18
12/1/2024,4,6.3,53,5,18
12/1/2024,4,6.3,53,5,18
12/1/2024,4,6.3,53,5,18
12/1/2024,4,6.3,53,5,18
12/1/2024,4,6.3,53,5,18
12/1/2024,4,6.3,53,5,18
12/1/2024,4,6.3,53,5,18
12/1/2024,4,6.3,53,5,18
12/1/2024,4,6.3,53,5,18
12/1/2024,4,6.3,53,5,18
12/1/2024,4,6.3,53,5,18
12/1/2024,4,6.3,53,5,18
12/1/2024,4,6.3,53,5,18
12/1/2024,4,6.3,53,5,18
12/1/2024,4,6.3,53,5,18
12/1/2024,4,6.3,53,5,18
12/1/2024,4,6.3,53,5,18
12/1/2024,4,6.3,53,5,18
12/1/2024,4,6.3,53,5,18
12/1/2024,4,6.3,53,5,18
12/1/2024,4,6.3,53,5,18
12/1/2024,4,6.3,53,5,18
12/1/2024,4,6.3,53,5,18
12/1/2024,4,6.3,53,5,18
12/1/2024,4,6.3,53,5,18
12/1/2024,4,6.3,53,5,18
12/1/2024,4,6.3,53,5,18
12/1/2024,4,6.3,53,5,18
12/1/2024,4,6.3,53,5,18
12/1/2024,5,6.3,53,5,18
12/1/2024,5,6.3,53,5,18
12/1/2024,5,6.3,53,5,18
12/1/2024,5,6.3,53,5,18
12/1/2024,5,6.3,53,5,18
12/1/2024,5,6.3,53,5,18
12/1/2024,5,6.3,53,5,18
12/1/2024,5,6.3,53,5,18
12/1/2024,5,6.3,53,5,18
12/1/2024,5,6.3,53,5,18
12/1/2024,5,6.3,53,5,18
12/1/2024,5,6.3,53,5,18
12/1/2024,5,6.3,53,5,18
12/1/2024,5,6.3,53,5,18
12/1/2024,5,6.3,53,5,18
12/1/2024,5,6.3,53,5,18
12/1/2024,5,6.3,53,5,18
12/1/2024,5,6.3,53,5,18
12/1/2024,5,6.3,53,5,18
12/1/2024,5,6.3,53,5,18
12/1/2024,5,6.3,53,5,18
12/1/2024,5,6.3,53,5,18
12/1/2024,5,6.3,53,5,18
12/1/2024,5,6.3,53,5,18
12/1/2024,5,6.3,53,5,18
12/1/2024,5,6.3,53,5,18
12/1/2024,5,6.3,53,5,18
12/1/2024,5,6.3,53,5,18
12/1/2024,5,6.3,53,5,18
12/1/2024,5,6.3,53,5,18
12/1/2024,5,6.3,53,5,18
12/1/2024,5,6.3,53,5,18
12/1/2024,5,6.3,53,5,18
12/1/2024,5,6.3,53,5,18
12/1/2024,5,6.3,53,5,18
12/1/2024,5,6.3,53,5,18
12/1/2024,5,6.3,53,5,18
12/1/2024,5,6.3,53,5,18
12/1/2024,5,6.3,53,5,18
12/1/2024,5,6.3,53,5,18
12/1/2024,5,6.3,53,5,18
12/1/2024,5,6.3,53,5,18
12/1/2024,5,6.3,53,5,18
12/1/2024,5,6.3,53,5,18
12/1/2024,5,6.3,53,5,18
12/1/2024,5,6.3,53,5,18
12/1/2024,5,6.3,53,5,18
12/1/2024,5,6.3,53,5,18
12/1/2024,5,6.3,53,5,18
12/1/2024,5,6.3,53,5,18
12/1/2024,5,6.3,53,5,18
12/1/2024,5,6.3,53,5,18
12/1/2024,5,6.3,53,5,18
12/1/2024,5,6.3,53,5,18
12/1/2024,5,6.3,53,5,18
12/1/2024,5,6.3,53,5,18
12/1/2024,5,6.3,53,5,18
12/1/2024,5,6.3,53,5,18
12/1/2024,5,6.3,53,5,18
12/1/2024,5,6.3,53,5,18
12/1/2024,5,6.3,53,5,18
12/1/2024,5,6.3,53,5,18
12/1/2024,5,6.3,53,5,18
12/1/2024,5,6.3,53,5,18
12/1/2024,5,6.3,53,5,18
12/1/2024,5,6.3,53,5,18
12/1/2024,5,6.3,53,5,18
12/1/2024,5,6.3,53,5,18
12/1/2024,5,6.3,53,5,18
12/1/2024,5,6.3,53,5,18
12/1/2024,5,6.3,53,5,18
12/1/2024,5,6.3,53,5,18
12/1/2024,5,6.3,53,5,18
12/1/2024,5,6.3,53,5,18
12/1/2024,5,6.3,53,5,18
12/1/2024,5,6.3,53,5,18
12/1/2024,5,6.3,53,5,18
12/1/2024,5,6.3,53,5,18
12/1/2024,5,6.3,53,5,18
12/1/2024,5,6.3,53,5,18
12/1/2024,5,6.3,53,5,18
12/1/2024,5,6.3,53,5,18
12/1/2024,5,6.3,53,5,18
12/1/2024,5,6.3,53,5,18
12/1/2024,5,6.3,53,5,18
12/1/2024,5,6.3,53,5,18
12/1/2024,5,6.3,53,5,18
12/1/2024,5,6.3,53,5,18
12/1/2024,5,6.3,53,5,18
12/1/2024,5,6.3,53,5,18
12/1/2024,5,6.3,53,5,18
12/1/2024,5,6.3,53,5,18
12/1/2024,5,6.3,53,5,18
12/1/2024,5,6.3,53,5,18
12/1/2024,5,6.3,53,5,18
12/1/2024,5,6.3,53,5,18
12/1/2024,5,6.3,53,5,18
12/1/2024,5,6.3,53,5,18
12/1/2024,5,6.3,53,5,18
12/1/2024,5,6.3,53,5,18
12/1/2024,5,6.3,53,5,18
12/1/2024,5,6.3,53,5,18
12/1/2024,5,6.3,53,5,18
12/1/2024,5,6.3,53,5,18
12/1/2024,5,6.3,53,5,18
12/1/2024,5,6.3,53,5,18
12/1/2024,5,6.3,53,5,18
12/1/2024,5,6.3,53,5,18
12/1/2024,5,6.3,53,5,18
12/1/2024,6,6.3,53,5,18
12/1/2024,6,6.3,53,5,18
12/1/2024,6,6.3,53,5,18
12/1/2024,6,6.3,53,5,18
12/1/2024,6,6.3,53,5,18
12/1/2024,6,6.3,53,5,18
12/1/2024,6,6.3,53,5,18
12/1/2024,6,6.3,53,5,18
12/1/2024,6,6.3,53,5,18
12/1/2024,6,6.3,53,5,18
12/1/2024,6,6.3,53,5,18
12/1/2024,6,6.3,53,5,18
12/1/2024,6,6.3,53,5,18
12/1/2024,6,6.3,53,5,18
12/1/2024,6,6.3,53,5,18
12/1/2024,6,6.3,53,5,18
12/1/2024,6,6.3,53,5,18
12/1/2024,6,6.3,53,5,18
12/1/2024,6,6.3,53,5,18
12/1/2024,6,6.3,53,5,18
12/1/2024,6,6.3,53,5,18
12/1/2024,6,6.3,53,5,18
12/1/2024,6,6.3,53,5,18
12/1/2024,6,6.3,53,5,18
12/1/2024,6,6.3,53,5,18
12/1/2024,6,6.3,53,5,18
12/1/2024,6,6.3,53,5,18
12/1/2024,6,6.3,53,5,18
12/1/2024,6,6.3,53,5,18
12/1/2024,6,6.3,53,5,18
12/1/2024,6,6.3,53,5,18
12/1/2024,6,6.3,53,5,18
12/1/2024,6,6.3,53,5,18
12/1/2024,6,6.3,53,5,18
12/1/2024,6,6.3,53,5,18
12/1/2024,6,6.3,53,5,18
12/1/2024,6,6.3,53,5,18
12/1/2024,6,6.3,53,5,18
12/1/2024,6,6.3,53,5,18
12/1/2024,6,6.3,53,5,18
12/1/2024,6,6.3,53,5,18
12/1/2024,6,6.3,53,5,18
12/1/2024,6,6.3,53,5,18
12/1/2024,6,6.3,53,5,18
12/1/2024,6,6.3,53,5,18
12/1/2024,6,6.3,53,5,18
12/1/2024,6,6.3,53,5,18
12/1/2024,6,6.3,53,5,18
12/1/2024,6,6.3,53,5,18
12/1/2024,6,6.3,53,5,18
12/1/2024,6,6.3,53,5,18
12/1/2024,6,6.3,53,5,18
12/1/2024,6,6.3,53,5,18
12/1/2024,6,6.3,53,5,18
12/1/2024,6,6.3,53,5,18
12/1/2024,6,6.3,53,5,18
12/1/2024,6,6.3,53,5,18
12/1/2024,6,6.3,53,5,18
12/1/2024,6,6.3,53,5,18
12/1/2024,6,6.3,53,5,18
12/1/2024,6,6.3,53,5,18
12/1/2024,6,6.3,53,5,18
12/1/2024,6,6.3,53,5,18
12/1/2024,6,6.3,53,5,18
12/1/2024,6,6.3,53,5,18
12/1/2024,6,6.3,53,5,18
12/1/2024,6,6.3,53,5,18
12/1/2024,6,6.3,53,5,18
12/1/2024,6,6.3,54,5,18
12/1/2024,6,6.3,54,5,18
12/1/2024,6,6.3,54,5,18
12/1/2024,6,6.3,54,5,18
12/1/2024,6,6.3,54,5,18
12/1/2024,6,6.3,54,5,18
12/1/2024,6,6.3,54,5,18
12/1/2024,6,6.3,54,5,18
12/1/2024,6,6.3,54,5,18
12/1/2024,6,6.3,54,5,18
12/1/2024,6,6.3,54,5,18
12/1/2024,6,6.3,54,5,18
12/1/2024,6,6.3,54,5,18
12/1/2024,6,6.3,54,5,18
12/1/2024,6,6.3,54,5,18
12/1/2024,6,6.3,54,5,18
12/1/2024,6,6.3,54,5,18
12/1/2024,6,6.3,54,5,18
12/1/2024,6,6.3,54,5,18
12/1/2024,6,6.3,54,5,18
12/1/2024,6,6.3,54,5,18
12/1/2024,6,6.3,54,5,18
12/1/2024,6,6.3,54,5,18
12/1/2024,6,6.3,54,5,18
12/1/2024,6,6.3,54,5,18
12/1/2024,6,6.3,54,5,18
12/1/2024,6,6.3,54,5,18
12/1/2024,6,6.3,54,5,18
12/1/2024,6,6.3,54,5,18
12/1/2024,6,6.3,54,5,18
12/1/2024,6,6.3,54,5,18
12/1/2024,6,6.3,54,5,18
12/1/2024,6,6.3,54,5,18
12/1/2024,6,6.3,54,5,18
12/1/2024,6,6.3,54,5,18
12/1/2024,6,6.3,54,5,18
12/1/2024,6,6.3,54,5,18
12/1/2024,6,6.3,54,5,18
12/1/2024,6,6.3,54,5,18
12/1/2024,6,6.3,54,5,18
12/1/2024,6,6.3,54,5,18
12/1/2024,6,6.3,54,5,18
12/1/2024,6,6.3,54,5,18
12/1/2024,6,6.3,54,5,18
12/1/2024,6,6.3,54,5,18
12/1/2024,6,6.3,54,5,18
12/1/2024,6,6.3,54,5,18
12/1/2024,6,6.3,54,5,18
12/1/2024,6,6.3,54,5,18
12/1/2024,7,6.3,54,5,18
12/1/2024,7,6.3,54,5,18
12/1/2024,7,6.3,54,5,18
12/1/2024,7,6.3,54,5,18
12/1/2024,7,6.3,54,5,18
12/1/2024,7,6.3,54,5,18
12/1/2024,7,6.3,54,5,18
12/1/2024,7,6.3,54,5,18
12/1/2024,7,6.3,54,5,18
12/1/2024,7,6.3,54,5,18
12/1/2024,7,6.3,54,5,18
12/1/2024,7,6.3,54,5,18
12/1/2024,7,6.3,54,5,18
12/1/2024,7,6.3,54,5,18
12/1/2024,7,6.3,54,5,18
12/1/2024,7,6.3,54,5,18
12/1/2024,7,6.3,54,5,18
12/1/2024,7,6.3,54,5,18
12/1/2024,7,6.3,54,5,18
12/1/2024,7,6.3,54,5,18
12/1/2024,7,6.3,54,5,18
12/1/2024,7,6.3,54,5,18
12/1/2024,7,6.3,54,5,18
12/1/2024,7,6.3,54,5,18
12/1/2024,7,6.3,54,5,18
12/1/2024,7,6.3,54,5,18
12/1/2024,7,6.3,54,5,18
12/1/2024,7,6.3,54,5,18
12/1/2024,7,6.3,54,5,18
12/1/2024,7,6.3,54,5,18
12/1/2024,7,6.3,54,5,18
12/1/2024,7,6.3,54,5,18
12/1/2024,7,6.3,54,5,18
12/1/2024,7,6.3,54,5,18
12/1/2024,7,6.3,54,5,18
12/1/2024,7,6.3,54,5,18
12/1/2024,7,6.3,54,5,18
12/1/2024,7,6.3,54,5,18
12/1/2024,7,6.3,54,5,18
12/1/2024,7,6.3,54,5,18
12/1/2024,7,6.3,54,5,18
12/1/2024,7,6.3,54,5,18
12/1/2024,7,6.3,54,5,18
12/1/2024,7,6.3,54,5,18
12/1/2024,7,6.3,54,5,18
12/1/2024,7,6.3,54,5,18
12/1/2024,7,6.3,54,5,18
12/1/2024,7,6.3,54,5,18
12/1/2024,7,6.3,54,5,18
12/1/2024,7,6.3,54,5,18
12/1/2024,7,6.3,54,5,18
12/1/2024,7,6.3,54,5,18
12/1/2024,7,6.3,54,5,18
12/1/2024,7,6.3,54,5,18
12/1/2024,7,6.3,54,5,18
12/1/2024,7,6.3,54,5,18
12/1/2024,7,6.3,54,5,18
12/1/2024,7,6.3,54,5,18
12/1/2024,7,6.3,54,5,18
12/1/2024,7,6.3,54,5,18
12/1/2024,7,6.3,54,5,18
12/1/2024,7,6.3,54,5,18
12/1/2024,7,6.3,54,5,18
12/1/2024,7,6.3,54,5,18
12/1/2024,7,6.3,54,5,18
12/1/2024,7,6.3,54,5,18
12/1/2024,7,6.3,54,5,18
12/1/2024,7,6.3,54,5,18
12/1/2024,7,6.3,54,5,18
12/1/2024,7,6.3,54,5,18
12/1/2024,7,6.3,54,5,18
12/1/2024,7,6.3,54,5,18
12/1/2024,7,6.3,54,5,18
12/1/2024,7,6.3,54,5,18
12/1/2024,7,6.3,54,5,18
12/1/2024,7,6.3,54,5,18
12/1/2024,7,6.3,54,5,18
12/1/2024,7,6.3,54,5,18
12/1/2024,7,6.3,54,5,18
12/1/2024,7,6.3,54,5,18
12/1/2024,7,6.3,54,5,18
12/1/2024,7,6.3,54,5,18
12/1/2024,7,6.3,54,5,18
12/1/2024,7,6.3,54,5,18
12/1/2024,7,6.3,54,5,18
12/1/2024,7,6.3,54,5,18
12/1/2024,7,6.3,54,5,18
12/1/2024,7,6.3,54,5,18
12/1/2024,7,6.3,54,5,18
12/1/2024,7,6.3,54,5,18
12/1/2024,7,6.3,54,5,18
12/1/2024,7,6.3,54,5,18
12/1/2024,7,6.3,54,5,18
12/1/2024,7,6.3,54,5,18
12/1/2024,7,6.3,54,5,18
12/1/2024,7,6.3,54,5,18
12/1/2024,7,6.3,54,5,18
12/1/2024,7,6.3,54,5,18
12/1/2024,7,6.3,54,5,18
12/1/2024,7,6.3,54,5,18
12/1/2024,7,6.3,54,5,18
12/1/2024,7,6.3,54,5,18
12/1/2024,7,6.3,54,5,18
12/1/2024,7,6.3,54,5,18
12/1/2024,7,6.3,54,5,18
12/1/2024,7,6.3,54,5,18
12/1/2024,7,6.3,54,5,18
12/1/2024,7,6.3,54,5,18
12/1/2024,7,6.3,54,5,18
12/1/2024,7,6.3,54,5,18
12/1/2024,7,6.3,54,5,18
12/1/2024,7,6.3,54,5,18
12/1/2024,7,6.3,54,5,18
12/1/2024,8,6.3,54,5,18
12/1/2024,8,6.3,54,5,18
12/1/2024,8,6.3,54,5,18
12/1/2024,8,6.3,54,5,18
12/1/2024,8,6.3,54,5,18
12/1/2024,8,6.3,54,5,18
12/1/2024,8,6.3,54,5,18
12/1/2024,8,6.3,54,5,18
12/1/2024,8,6.3,54,5,18
12/1/2024,8,6.3,54,5,18
12/1/2024,8,6.3,54,5,18
12/1/2024,8,6.3,54,5,18
12/1/2024,8,6.3,54,5,18
12/1/2024,8,6.3,54,5,18
12/1/2024,8,6.3,54,5,18
12/1/2024,8,6.3,54,5,18
12/1/2024,8,6.3,54,5,18
12/1/2024,8,6.3,54,5,18
12/1/2024,8,6.3,54,5,18
12/1/2024,8,6.3,54,5,18
12/1/2024,8,6.3,54,5,18
12/1/2024,8,6.3,54,5,18
12/1/2024,8,6.3,54,5,18
12/1/2024,8,6.3,54,5,18
12/1/2024,8,6.3,54,5,18
12/1/2024,8,6.3,54,5,18
12/1/2024,8,6.3,54,5,18
12/1/2024,8,6.3,54,5,18
12/1/2024,8,6.3,54,5,18
12/1/2024,8,6.3,54,5,18
12/1/2024,8,6.3,54,5,18
12/1/2024,8,6.3,54,5,18
12/1/2024,8,6.3,54,5,18
12/1/2024,8,6.3,54,5,18
12/1/2024,8,6.3,54,5,18
12/1/2024,8,6.3,54,5,18
12/1/2024,8,6.3,54,5,18
12/1/2024,8,6.3,54,5,18
12/1/2024,8,6.3,54,5,18
12/1/2024,8,6.3,54,5,18
12/1/2024,8,6.3,54,5,18
12/1/2024,8,6.3,54,5,18
12/1/2024,8,6.3,54,5,18
12/1/2024,8,6.3,54,5,18
12/1/2024,8,6.3,54,5,18
12/1/2024,8,6.3,54,5,18
12/1/2024,8,6.3,54,5,18
12/1/2024,8,6.3,54,5,18
12/1/2024,8,6.3,54,5,18
12/1/2024,8,6.3,54,5,18
12/1/2024,8,6.3,54,5,18
12/1/2024,8,6.3,54,5,18
12/1/2024,8,6.3,54,5,18
12/1/2024,8,6.3,54,5,18
12/1/2024,8,6.3,54,5,18
12/1/2024,8,6.3,54,5,18
12/1/2024,8,6.3,54,5,18
12/1/2024,8,6.3,54,5,18
12/1/2024,8,6.3,54,5,18
12/1/2024,8,6.3,54,5,18
12/1/2024,8,6.3,54,5,18
12/1/2024,8,6.3,54,5,18
12/1/2024,8,6.3,54,5,18
12/1/2024,8,6.3,54,5,18
12/1/2024,8,6.3,54,5,18
12/1/2024,8,6.3,54,5,18
12/1/2024,8,6.3,54,5,18
12/1/2024,8,6.3,54,5,18
12/1/2024,8,6.3,54,5,18
12/1/2024,8,6.3,54,5,18
12/1/2024,8,6.3,54,5,18
12/1/2024,8,6.3,54,5,18
12/1/2024,8,6.3,54,5,18
12/1/2024,8,6.3,54,5,18
12/1/2024,8,6.3,54,5,18
12/1/2024,8,6.3,54,5,18
12/1/2024,8,6.3,54,5,18
12/1/2024,8,6.3,54,5,18
12/1/2024,8,6.3,54,5,18
12/1/2024,8,6.3,54,5,18
12/1/2024,8,6.3,54,5,18
12/1/2024,8,6.3,54,5,18
12/1/2024,8,6.3,54,5,18
12/1/2024,8,6.3,54,5,18
12/1/2024,8,6.3,54,5,18
12/1/2024,8,6.3,54,5,18
12/1/2024,8,6.3,54,5,18
12/1/2024,8,6.3,54,5,18
12/1/2024,8,6.3,54,5,18
12/1/2024,8,6.3,54,5,18
12/1/2024,8,6.3,54,5,18
12/1/2024,8,6.3,54,5,18
12/1/2024,8,6.3,54,5,18
12/1/2024,8,6.3,54,5,18
12/1/2024,8,6.3,54,5,18
12/1/2024,8,6.3,54,5,18
12/1/2024,8,6.3,54,5,18
12/1/2024,8,6.3,54,5,18
12/1/2024,8,6.3,54,5,18
12/1/2024,8,6.3,54,5,18
12/1/2024,8,6.3,54,5,18
12/1/2024,8,6.3,54,5,18
12/1/2024,8,6.3,54,5,18
12/1/2024,9,6.3,54,5,18
12/1/2024,9,6.3,54,5,18
12/1/2024,9,6.3,54,5,18
12/1/2024,9,6.3,54,5,18
12/1/2024,9,6.3,54,5,18
12/1/2024,9,6.3,54,5,18
12/1/2024,9,6.3,54,5,18
12/1/2024,9,6.3,54,5,18
12/1/2024,9,6.3,54,5,18
12/1/2024,9,6.3,54,5,18
12/1/2024,9,6.3,54,5,18
12/1/2024,9,6.3,54,5,18
12/1/2024,9,6.3,54,5,18
12/1/2024,9,6.3,54,5,18
12/1/2024,9,6.3,54,5,18
12/1/2024,9,6.3,54,5,18
12/1/2024,9,6.3,54,5,18
12/1/2024,9,6.3,54,5,18
12/1/2024,9,6.3,54,5,18
12/1/2024,9,6.3,54,5,18
12/1/2024,9,6.3,54,5,18
12/1/2024,9,6.3,54,5,18
12/1/2024,9,6.3,54,5,18
12/1/2024,9,6.3,54,5,18
12/1/2024,9,6.3,54,5,18
12/1/2024,9,6.3,54,5,18
12/1/2024,9,6.3,54,5,18
12/1/2024,9,6.3,54,5,18
12/1/2024,9,6.3,54,5,18
12/1/2024,9,6.3,54,5,18
12/1/2024,9,6.3,54,5,18
12/1/2024,9,6.3,54,5,18
12/1/2024,9,6.3,54,5,18
12/1/2024,9,6.3,54,5,18
12/1/2024,9,6.3,54,5,18
12/1/2024,9,6.3,54,5,18
12/1/2024,9,6.3,54,5,18
12/1/2024,9,6.3,54,5,18
12/1/2024,9,6.3,54,5,18
12/1/2024,9,6.3,54,5,18
12/1/2024,9,6.3,54,5,18
12/1/2024,9,6.3,54,5,18
12/1/2024,9,6.3,54,5,18
12/1/2024,9,6.3,54,5,18
12/1/2024,9,6.3,54,5,18
12/1/2024,9,6.3,54,5,18
12/1/2024,9,6.3,54,5,18
12/1/2024,9,6.3,54,5,18
12/1/2024,9,6.3,54,5,18
12/1/2024,9,6.3,54,5,18
12/1/2024,9,6.3,54,5,18
12/1/2024,9,6.3,54,5,18
12/1/2024,9,6.3,54,5,18
12/1/2024,9,6.3,54,5,18
12/1/2024,9,6.3,54,5,18
12/1/2024,9,6.3,54,5,18
12/1/2024,9,6.3,54,5,18
12/1/2024,9,6.3,54,5,18
12/1/2024,9,6.3,54,5,18
12/1/2024,9,6.3,54,5,18
12/1/2024,9,6.3,54,5,18
12/1/2024,9,6.3,54,5,18
12/1/2024,9,6.3,54,5,18
12/1/2024,9,6.3,54,5,18
12/1/2024,9,6.3,54,5,18
12/1/2024,9,6.3,54,5,18
12/1/2024,9,6.3,54,5,18
12/1/2024,9,6.3,54,5,18
12/1/2024,9,6.3,54,5,18
12/1/2024,9,6.3,54,5,18
12/1/2024,9,6.3,54,5,18
12/1/2024,9,6.3,54,5,18
12/1/2024,9,6.3,54,5,18
12/1/2024,9,6.3,54,5,18
12/1/2024,9,6.3,54,5,18
12/1/2024,9,6.3,54,5,18
12/1/2024,9,6.3,54,5,18
12/1/2024,9,6.3,54,5,18
12/1/2024,9,6.3,54,5,18
12/1/2024,9,6.3,54,5,18
12/1/2024,9,6.3,54,5,18
12/1/2024,9,6.3,54,5,18
12/1/2024,9,6.3,54,5,18
12/1/2024,9,6.3,54,5,18
12/1/2024,9,6.3,54,5,18
12/1/2024,9,6.3,54,5,18
12/1/2024,9,6.3,54,5,18
12/1/2024,9,6.3,54,5,18
12/1/2024,9,6.3,54,5,18
12/1/2024,9,6.3,54,5,18
12/1/2024,9,6.3,54,5,18
12/1/2024,9,6.3,54,5,18
12/1/2024,9,6.3,54,5,18
12/1/2024,9,6.3,54,5,18
12/1/2024,9,6.3,54,5,18
12/1/2024,9,6.3,54,5,18
12/1/2024,9,6.3,54,5,18
12/1/2024,9,6.3,54,5,18
12/1/2024,9,6.3,54,5,18
12/1/2024,9,6.3,54,5,18
12/1/2024,9,6.3,54,5,18
12/1/2024,9,6.3,54,5,18
12/1/2024,9,6.3,54,5,18
12/1/2024,9,6.3,54,5,18
12/1/2024,9,6.3,54,5,18
12/1/2024,9,6.3,54,5,18
12/1/2024,9,6.3,54,5,18
12/1/2024,9,6.3,54,5,18
12/1/2024,9,6.3,54,5,18
12/1/2024,9,6.3,54,5,18
12/1/2024,9,6.3,54,5,18
12/1/2024,9,6.3,54,5,18
12/1/2024,10,6.3,54,5,18
12/1/2024,10,6.3,54,5,18
12/1/2024,10,6.3,54,5,18
12/1/2024,10,6.3,54,5,18
12/1/2024,10,6.3,54,5,18
12/1/2024,10,6.3,54,5,18
12/1/2024,10,6.3,54,5,18
12/1/2024,10,6.3,54,5,18
12/1/2024,10,6.3,54,5,18
12/1/2024,10,6.3,54,5,18
12/1/2024,10,6.3,54,5,18
12/1/2024,10,6.3,54,5,18
12/1/2024,10,6.3,54,5,18
12/1/2024,10,6.3,54,5,18
12/1/2024,10,6.3,54,5,18
12/1/2024,10,6.3,54,5,18
12/1/2024,10,6.3,54,5,18
12/1/2024,10,6.3,54,5,18
12/1/2024,10,6.3,54,5,18
12/1/2024,10,6.3,54,5,18
12/1/2024,10,6.3,54,5,18
12/1/2024,10,6.3,54,5,18
12/1/2024,10,6.3,54,5,18
12/1/2024,10,6.3,54,5,18
12/1/2024,10,6.3,54,5,18
12/1/2024,10,6.3,54,5,18
12/1/2024,10,6.3,54,5,18
12/1/2024,10,6.3,54,5,18
12/1/2024,10,6.3,54,5,18
12/1/2024,10,6.3,54,5,18
12/1/2024,10,6.3,54,5,18
12/1/2024,10,6.3,54,5,18
12/1/2024,10,6.3,54,5,18
12/1/2024,10,6.3,54,5,18
12/1/2024,10,6.3,54,5,18
12/1/2024,10,6.3,54,5,18
12/1/2024,10,6.3,54,5,18
12/1/2024,10,6.3,54,5,18
12/1/2024,10,6.3,54,5,18
12/1/2024,10,6.3,54,5,18
12/1/2024,10,6.3,54,5,18
12/1/2024,10,6.3,54,5,18
12/1/2024,10,6.3,54,5,18
12/1/2024,10,6.3,54,5,18
12/1/2024,10,6.3,54,5,18
12/1/2024,10,6.3,54,5,18
12/1/2024,10,6.3,54,5,18
12/1/2024,10,6.3,54,5,18
12/1/2024,10,6.3,54,5,18
12/1/2024,10,6.3,54,5,18
12/1/2024,10,6.3,54,5,18
12/1/2024,10,6.3,54,5,18
12/1/2024,10,6.3,54,5,18
12/1/2024,10,6.3,54,5,18
12/1/2024,10,6.3,54,5,18
12/1/2024,10,6.3,54,5,18
12/1/2024,10,6.3,54,5,18
12/1/2024,10,6.3,54,5,18
12/1/2024,10,6.3,54,5,18
12/1/2024,10,6.3,54,5,18
12/1/2024,10,6.3,54,5,18
12/1/2024,10,6.4,54,5,18
12/1/2024,10,6.4,54,5,18
12/1/2024,10,6.4,54,5,18
12/1/2024,10,6.4,54,5,18
12/1/2024,10,6.4,54,5,18
12/1/2024,10,6.4,54,5,18
12/1/2024,10,6.4,54,5,18
12/1/2024,10,6.4,54,5,18
12/1/2024,10,6.4,54,5,18
12/1/2024,10,6.4,54,5,18
12/1/2024,10,6.4,54,5,18
12/1/2024,10,6.4,54,5,18
12/1/2024,10,6.4,54,5,18
12/1/2024,10,6.4,54,5,18
12/1/2024,10,6.4,54,5,18
12/1/2024,10,6.4,54,5,18
12/1/2024,10,6.4,54,5,18
12/1/2024,10,6.4,54,5,18
12/1/2024,10,6.4,54,5,18
12/1/2024,10,6.4,54,5,18
12/1/2024,10,6.4,54,5,18
12/1/2024,10,6.4,54,5,18
12/1/2024,10,6.4,54,5,18
12/1/2024,10,6.4,54,5,18
12/1/2024,10,6.4,54,5,18
12/1/2024,10,6.4,54,5,18
12/1/2024,10,6.4,54,5,18
12/1/2024,10,6.4,54,5,18
12/1/2024,10,6.4,54,5,18
12/1/2024,10,6.4,54,5,18
12/1/2024,10,6.4,54,5,18
12/1/2024,10,6.4,54,5,18
12/1/2024,10,6.4,54,5,18
12/1/2024,10,6.4,54,5,18
12/1/2024,10,6.4,54,5,18
12/1/2024,10,6.4,54,5,18
12/1/2024,10,6.4,54,5,18
12/1/2024,10,6.4,54,5,18
12/1/2024,10,6.4,54,5,18
12/1/2024,10,6.4,54,5,18
12/1/2024,10,6.4,54,5,18
12/1/2024,10,6.4,54,5,18
12/1/2024,10,6.4,54,5,18
12/1/2024,10,6.4,54,5,18
12/1/2024,10,6.4,54,5,18
12/1/2024,10,6.4,54,5,18
12/1/2024,10,6.4,54,5,18
12/1/2024,11,6.4,54,5,18
12/1/2024,11,6.4,54,5,18
12/1/2024,11,6.4,54,5,18
12/1/2024,11,6.4,54,5,18
12/1/2024,11,6.4,54,5,18
12/1/2024,11,6.4,54,5,18
12/1/2024,11,6.4,54,5,18
12/1/2024,11,6.4,54,5,18
12/1/2024,11,6.4,54,5,18
12/1/2024,11,6.4,54,5,18
12/1/2024,11,6.4,54,5,18
12/1/2024,11,6.4,54,5,18
12/1/2024,11,6.4,54,5,18
12/1/2024,11,6.4,54,5,18
12/1/2024,11,6.4,54,5,18
12/1/2024,11,6.4,54,5,18
12/1/2024,11,6.4,54,5,18
12/1/2024,11,6.4,54,5,18
12/1/2024,11,6.4,54,5,18
12/1/2024,11,6.4,54,5,18
12/1/2024,11,6.4,54,5,17
12/1/2024,11,6.4,54,5,17
12/1/2024,11,6.4,54,5,17
12/1/2024,11,6.4,54,5,17
12/1/2024,11,6.4,54,5,17
12/1/2024,11,6.4,54,5,17
12/1/2024,11,6.4,54,5,17
12/1/2024,11,6.4,54,5,17
12/1/2024,11,6.4,54,5,17
12/1/2024,11,6.4,54,5,17
12/1/2024,11,6.4,54,5,17
12/1/2024,11,6.4,54,5,17
12/1/2024,11,6.4,54,5,17
12/1/2024,11,6.4,54,5,17
12/1/2024,11,6.4,54,5,17
12/1/2024,11,6.4,54,5,17
12/1/2024,11,6.4,54,5,17
12/1/2024,11,6.4,54,5,17
12/1/2024,11,6.4,54,5,17
12/1/2024,11,6.4,54,5,17
12/1/2024,11,6.4,54,5,17
12/1/2024,11,6.4,54,5,17
12/1/2024,11,6.4,54,5,17
12/1/2024,11,6.4,54,5,17
12/1/2024,11,6.4,54,5,17
12/1/2024,11,6.4,54,5,17
12/1/2024,11,6.4,54,5,17
12/1/2024,11,6.4,54,5,17
12/1/2024,11,6.4,54,5,17
12/1/2024,11,6.4,54,5,17
12/1/2024,11,6.4,54,5,17
12/1/2024,11,6.4,54,5,17
12/1/2024,11,6.4,54,5,17
12/1/2024,11,6.4,54,5,17
12/1/2024,11,6.4,54,5,17
12/1/2024,11,6.4,54,5,17
12/1/2024,11,6.4,54,5,17
12/1/2024,11,6.4,54,5,17
12/1/2024,11,6.4,54,5,17
12/1/2024,11,6.4,54,5,17
12/1/2024,11,6.4,54,5,17
12/1/2024,11,6.4,54,5,17
12/1/2024,11,6.4,54,5,17
12/1/2024,11,6.4,54,5,17
12/1/2024,11,6.4,54,5,17
12/1/2024,11,6.4,54,5,17
12/1/2024,11,6.4,54,5,17
12/1/2024,11,6.4,54,5,17
12/1/2024,11,6.4,54,5,17
12/1/2024,11,6.4,54,5,17
12/1/2024,11,6.4,54,5,17
12/1/2024,11,6.4,54,5,17
12/1/2024,11,6.4,54,5,17
12/1/2024,11,6.4,54,5,17
12/1/2024,11,6.4,54,5,17
12/1/2024,11,6.4,54,5,17
12/1/2024,11,6.4,54,5,17
12/1/2024,11,6.4,54,5,17
12/1/2024,11,6.4,54,5,17
12/1/2024,11,6.4,54,5,17
12/1/2024,11,6.4,54,5,17
12/1/2024,11,6.4,54,5,17
12/1/2024,11,6.4,54,5,17
12/1/2024,11,6.4,54,5,17
12/1/2024,11,6.4,54,5,17
12/1/2024,11,6.4,54,5,17
12/1/2024,11,6.4,54,5,17
12/1/2024,11,6.4,54,5,17
12/1/2024,11,6.4,54,5,17
12/1/2024,11,6.4,54,5,17
12/1/2024,11,6.4,54,5,17
12/1/2024,11,6.4,54,5,17
12/1/2024,11,6.4,54,5,17
12/1/2024,11,6.4,54,5,17
12/1/2024,11,6.4,54,5,17
12/1/2024,11,6.4,54,5,17
12/1/2024,11,6.4,54,5,17
12/1/2024,11,6.4,54,5,17
12/1/2024,11,6.4,54,5,17
12/1/2024,11,6.4,54,5,17
12/1/2024,11,6.4,54,5,17
12/1/2024,11,6.4,54,5,17
12/1/2024,11,6.4,54,5,17
12/1/2024,11,6.4,54,5,17
12/1/2024,11,6.4,54,5,17
12/1/2024,11,6.4,54,5,17
12/1/2024,11,6.4,54,5,17
12/1/2024,11,6.4,54,5,17
12/1/2024,11,6.4,54,5,17
12/1/2024,11,6.4,54,5,17
12/1/2024,11,6.4,54,5,17
12/1/2024,11,6.4,54,5,17
12/1/2024,11,6.4,54,5,17
12/1/2024,11,6.4,54,5,17
12/1/2024,11,6.4,54,5,17
12/1/2024,11,6.4,54,5,17
12/1/2024,11,6.4,54,5,17
12/1/2024,12,6.4,54,5,17
12/1/2024,12,6.4,54,5,17
12/1/2024,12,6.4,54,5,17
12/1/2024,12,6.4,54,5,17
12/1/2024,12,6.4,54,5,17
12/1/2024,12,6.4,54,5,17
12/1/2024,12,6.4,54,5,17
12/1/2024,12,6.4,54,5,17
12/1/2024,12,6.4,54,5,17
12/1/2024,12,6.4,54,5,17
12/1/2024,12,6.4,54,5,17
12/1/2024,12,6.4,54,5,17
12/1/2024,12,6.4,54,5,17
12/1/2024,12,6.4,54,5,17
12/1/2024,12,6.4,54,5,17
12/1/2024,12,6.4,54,5,17
12/1/2024,12,6.4,54,5,17
12/1/2024,12,6.4,54,5,17
12/1/2024,12,6.4,54,5,17
12/1/2024,12,6.4,54,5,17
12/1/2024,12,6.4,54,5,17
12/1/2024,12,6.4,54,5,17
12/1/2024,12,6.4,54,5,17
12/1/2024,12,6.4,54,5,17
12/1/2024,12,6.4,54,5,17
12/1/2024,12,6.4,54,5,17
12/1/2024,12,6.4,54,5,17
12/1/2024,12,6.4,54,5,17
12/1/2024,12,6.4,54,5,17
12/1/2024,12,6.4,54,5,17
12/1/2024,12,6.4,54,5,17
12/1/2024,12,6.4,54,5,17
12/1/2024,12,6.4,54,5,17
12/1/2024,12,6.4,54,5,17
12/1/2024,12,6.4,54,5,17
12/1/2024,12,6.4,54,5,17
12/1/2024,12,6.4,54,5,17
12/1/2024,12,6.4,54,5,17
12/1/2024,12,6.4,54,5,17
12/1/2024,12,6.4,54,5,17
12/1/2024,12,6.4,54,5,17
12/1/2024,12,6.4,54,5,17
12/1/2024,12,6.4,54,5,17
12/1/2024,12,6.4,54,5,17
12/1/2024,12,6.4,54,5,17
12/1/2024,12,6.4,54,5,17
12/1/2024,12,6.4,54,5,17
12/1/2024,12,6.4,54,5,17
12/1/2024,12,6.4,54,5,17
12/1/2024,12,6.4,54,5,17
12/1/2024,12,6.4,54,5,17
12/1/2024,12,6.4,54,5,17
12/1/2024,12,6.4,54,5,17
12/1/2024,12,6.4,54,5,17
12/1/2024,12,6.4,54,5,17
12/1/2024,12,6.4,54,5,17
12/1/2024,12,6.4,54,6,17
12/1/2024,12,6.4,54,6,17
12/1/2024,12,6.4,54,6,17
12/1/2024,12,6.4,54,6,17
12/1/2024,12,6.4,54,6,17
12/1/2024,12,6.4,54,6,17
12/1/2024,12,6.4,54,6,17
12/1/2024,12,6.4,54,6,17
12/1/2024,12,6.4,54,6,17
12/1/2024,12,6.4,54,6,17
12/1/2024,12,6.4,54,6,17
12/1/2024,12,6.4,54,6,17
12/1/2024,12,6.4,54,6,17
12/1/2024,12,6.4,54,6,17
12/1/2024,12,6.4,54,6,17
12/1/2024,12,6.4,54,6,17
12/1/2024,12,6.4,54,6,17
12/1/2024,12,6.4,54,6,17
12/1/2024,12,6.4,54,6,17
12/1/2024,12,6.4,54,6,17
12/1/2024,12,6.4,54,6,17
12/1/2024,12,6.4,54,6,17
12/1/2024,12,6.4,54,6,17
12/1/2024,12,6.4,54,6,17
12/1/2024,12,6.4,54,6,17
12/1/2024,12,6.4,54,6,17
12/1/2024,12,6.4,54,6,17
12/1/2024,12,6.4,54,6,17
12/1/2024,12,6.4,54,6,17
12/1/2024,12,6.4,54,6,17
12/1/2024,12,6.4,54,6,17
12/1/2024,12,6.4,54,6,17
12/1/2024,12,6.4,54,6,17
12/1/2024,12,6.4,54,6,17
12/1/2024,12,6.4,54,6,17
12/1/2024,12,6.4,54,6,17
12/1/2024,12,6.4,54,6,17
12/1/2024,12,6.4,54,6,17
12/1/2024,12,6.4,54,6,17
12/1/2024,12,6.4,54,6,17
12/1/2024,12,6.4,54,6,17
12/1/2024,12,6.4,54,6,17
12/1/2024,12,6.4,54,6,17
12/1/2024,12,6.4,54,6,17
12/1/2024,12,6.4,54,6,17
12/1/2024,12,6.4,54,6,17
12/1/2024,12,6.4,54,6,17
12/1/2024,12,6.4,54,6,17
12/1/2024,12,6.4,54,6,17
12/1/2024,12,6.4,54,6,17
12/1/2024,12,6.4,54,6,17
12/1/2024,12,6.4,54,6,17
12/1/2024,12,6.4,54,6,17
12/1/2024,12,6.4,54,6,17
12/1/2024,13,6.4,54,6,17
12/1/2024,13,6.4,54,6,17
12/1/2024,13,6.4,54,6,17
12/1/2024,13,6.4,54,6,17
12/1/2024,13,6.4,54,6,17
12/1/2024,13,6.4,54,6,17
12/1/2024,13,6.4,54,6,17
12/1/2024,13,6.4,54,6,17
12/1/2024,13,6.4,54,6,17
12/1/2024,13,6.4,54,6,17
12/1/2024,13,6.4,54,6,17
12/1/2024,13,6.4,54,6,17
12/1/2024,13,6.4,54,6,17
12/1/2024,13,6.4,54,6,17
12/1/2024,13,6.4,54,6,17
12/1/2024,13,6.4,54,6,17
12/1/2024,13,6.4,54,6,17
12/1/2024,13,6.4,54,6,17
12/1/2024,13,6.4,54,6,17
12/1/2024,13,6.4,54,6,17
12/1/2024,13,6.4,54,6,17
12/1/2024,13,6.4,54,6,17
12/1/2024,13,6.4,54,6,17
12/1/2024,13,6.4,54,6,17
12/1/2024,13,6.4,54,6,17
12/1/2024,13,6.4,54,6,17
12/1/2024,13,6.4,54,6,17
12/1/2024,13,6.4,54,6,17
12/1/2024,13,6.4,54,6,17
12/1/2024,13,6.4,54,6,17
12/1/2024,13,6.4,54,6,17
12/1/2024,13,6.4,54,6,17
12/1/2024,13,6.4,54,6,17
12/1/2024,13,6.4,54,6,17
12/1/2024,13,6.4,54,6,17
12/1/2024,13,6.4,54,6,17
12/1/2024,13,6.4,54,6,17
12/1/2024,13,6.4,54,6,17
12/1/2024,13,6.4,54,6,17
12/1/2024,13,6.4,54,6,17
12/1/2024,13,6.4,54,6,17
12/1/2024,13,6.4,54,6,17
12/1/2024,13,6.4,54,6,17
12/1/2024,13,6.4,54,6,17
12/1/2024,13,6.4,54,6,17
12/1/2024,13,6.4,54,6,17
12/1/2024,13,6.4,54,6,17
12/1/2024,13,6.4,54,6,17
12/1/2024,13,6.4,54,6,17
12/1/2024,13,6.4,54,6,17
12/1/2024,13,6.4,54,6,17
12/1/2024,13,6.4,54,6,17
12/1/2024,13,6.4,54,6,17
12/1/2024,13,6.4,54,6,17
12/1/2024,13,6.4,54,6,17
12/1/2024,13,6.4,54,6,17
12/1/2024,13,6.4,54,6,17
12/1/2024,13,6.4,54,6,17
12/1/2024,13,6.4,54,6,17
12/1/2024,13,6.4,54,6,17
12/1/2024,13,6.4,54,6,17
12/1/2024,13,6.4,54,6,17
12/1/2024,13,6.4,54,6,17
12/1/2024,13,6.4,54,6,17
12/1/2024,13,6.4,54,6,17
12/1/2024,13,6.4,54,6,17
12/1/2024,13,6.4,54,6,17
12/1/2024,13,6.4,54,6,17
12/1/2024,13,6.4,54,6,17
12/1/2024,13,6.4,54,6,17
12/1/2024,13,6.4,54,6,17
12/1/2024,13,6.4,54,6,17
12/1/2024,13,6.4,54,6,17
12/1/2024,13,6.4,54,6,17
12/1/2024,13,6.4,54,6,17
12/1/2024,13,6.4,54,6,17
12/1/2024,13,6.4,54,6,17
12/1/2024,13,6.4,54,6,17
12/1/2024,13,6.4,54,6,17
12/1/2024,13,6.4,54,6,17
12/1/2024,13,6.4,54,6,17
12/1/2024,13,6.4,54,6,17
12/1/2024,13,6.4,54,6,17
12/1/2024,13,6.4,54,6,17
12/1/2024,13,6.4,54,6,17
12/1/2024,13,6.4,54,6,17
12/1/2024,13,6.4,54,6,17
12/1/2024,13,6.4,54,6,17
12/1/2024,13,6.4,54,6,17
12/1/2024,13,6.4,54,6,17
12/1/2024,13,6.4,54,6,17
12/1/2024,13,6.4,54,6,17
12/1/2024,13,6.4,54,6,17
12/1/2024,13,6.4,54,6,17
12/1/2024,13,6.4,54,6,17
12/1/2024,13,6.4,54,6,17
12/1/2024,13,6.4,54,6,17
12/1/2024,13,6.4,54,6,17
12/1/2024,13,6.4,54,6,17
12/1/2024,13,6.4,54,6,17
12/1/2024,13,6.4,54,6,17
12/1/2024,13,6.4,54,6,17
12/1/2024,13,6.5,54,6,17
12/1/2024,13,6.5,54,6,17
12/1/2024,13,6.5,54,6,17
12/1/2024,13,6.5,54,6,17
12/1/2024,13,6.5,54,6,17
12/1/2024,13,6.5,54,6,17
12/1/2024,13,6.5,54,6,17
12/1/2024,13,6.5,54,6,17
12/1/2024,13,6.5,54,6,17
12/1/2024,13,6.5,54,6,17
12/1/2024,13,6.5,54,6,17
12/1/2024,13,6.5,54,6,17
12/1/2024,13,6.5,54,6,17
12/1/2024,13,6.5,54,6,17
12/1/2024,14,6.5,54,6,17
12/1/2024,14,6.5,54,6,17
12/1/2024,14,6.5,54,6,17
12/1/2024,14,6.5,54,6,17
12/1/2024,14,6.5,54,6,17
12/1/2024,14,6.5,54,6,17
12/1/2024,14,6.5,54,6,17
12/1/2024,14,6.5,54,6,17
12/1/2024,14,6.5,54,6,17
12/1/2024,14,6.5,54,6,17
12/1/2024,14,6.5,54,6,17
12/1/2024,14,6.5,54,6,17
12/1/2024,14,6.5,54,6,17
12/1/2024,14,6.5,54,6,17
12/1/2024,14,6.5,54,6,17
12/1/2024,14,6.5,54,6,17
12/1/2024,14,6.5,54,6,17
12/1/2024,14,6.5,54,6,17
12/1/2024,14,6.5,54,6,17
12/1/2024,14,6.5,54,6,17
12/1/2024,14,6.5,54,6,17
12/1/2024,14,6.5,54,6,17
12/1/2024,14,6.5,54,6,17
12/1/2024,14,6.5,54,6,17
12/1/2024,14,6.5,54,6,17
12/1/2024,14,6.5,54,6,17
12/1/2024,14,6.5,54,6,17
12/1/2024,14,6.5,54,6,17
12/1/2024,14,6.5,54,6,17
12/1/2024,14,6.5,54,6,17
12/1/2024,14,6.5,54,6,17
12/1/2024,14,6.5,54,6,17
12/1/2024,14,6.5,54,6,17
12/1/2024,14,6.5,54,6,17
12/1/2024,14,6.5,54,6,17
12/1/2024,14,6.5,54,6,17
12/1/2024,14,6.5,54,6,17
12/1/2024,14,6.5,54,6,17
12/1/2024,14,6.5,54,6,17
12/1/2024,14,6.5,54,6,17
12/1/2024,14,6.5,54,6,17
12/1/2024,14,6.5,54,6,17
12/1/2024,14,6.5,54,6,17
12/1/2024,14,6.5,54,6,17
12/1/2024,14,6.5,54,6,17
12/1/2024,14,6.5,54,6,17
12/1/2024,14,6.5,55,6,17
12/1/2024,14,6.5,55,6,17
12/1/2024,14,6.5,55,6,17
12/1/2024,14,6.5,55,6,17
12/1/2024,14,6.5,55,6,17
12/1/2024,14,6.5,55,6,17
12/1/2024,14,6.5,55,6,17
12/1/2024,14,6.5,55,6,17
12/1/2024,14,6.5,55,6,17
12/1/2024,14,6.5,55,6,17
12/1/2024,14,6.5,55,6,17
12/1/2024,14,6.5,55,6,17
12/1/2024,14,6.5,55,6,17
12/1/2024,14,6.5,55,6,17
12/1/2024,14,6.5,55,6,17
12/1/2024,14,6.5,55,6,17
12/1/2024,14,6.5,55,6,17
12/1/2024,14,6.5,55,6,17
12/1/2024,14,6.5,55,6,17
12/1/2024,14,6.5,55,6,17
12/1/2024,14,6.5,55,6,17
12/1/2024,14,6.5,55,6,17
12/1/2024,14,6.5,55,6,17
12/1/2024,14,6.5,55,6,17
12/1/2024,14,6.5,55,6,17
12/1/2024,14,6.5,55,6,17
12/1/2024,14,6.5,55,6,17
12/1/2024,14,6.5,55,6,17
12/1/2024,14,6.5,55,6,17
12/1/2024,14,6.5,55,6,17
12/1/2024,14,6.5,55,6,17
12/1/2024,14,6.5,55,6,17
12/1/2024,14,6.5,55,6,17
12/1/2024,14,6.5,55,6,17
12/1/2024,14,6.5,55,6,17
12/1/2024,14,6.5,55,6,17
12/1/2024,14,6.5,55,6,17
12/1/2024,14,6.5,55,6,17
12/1/2024,14,6.5,55,6,17
12/1/2024,14,6.5,55,6,17
12/1/2024,14,6.5,55,6,17
12/1/2024,14,6.5,55,6,17
12/1/2024,14,6.5,55,6,17
12/1/2024,14,6.5,55,6,17
12/1/2024,14,6.5,55,6,17
12/1/2024,14,6.5,55,6,17
12/1/2024,14,6.5,55,6,17
12/1/2024,14,6.5,55,6,17
12/1/2024,14,6.5,55,6,17
12/1/2024,14,6.5,55,6,17
12/1/2024,14,6.5,55,6,17
12/1/2024,14,6.5,55,6,17
12/1/2024,14,6.5,55,6,17
12/1/2024,14,6.5,55,6,17
12/1/2024,14,6.5,55,6,17
12/1/2024,14,6.5,55,6,17
12/1/2024,14,6.5,55,6,17
12/1/2024,14,6.5,55,6,17
12/1/2024,14,6.5,55,6,17
12/1/2024,14,6.5,55,6,17
12/1/2024,14,6.5,55,6,17
12/1/2024,14,6.5,55,6,17
12/1/2024,14,6.5,55,6,17
12/1/2024,15,6.5,55,6,17
12/1/2024,15,6.5,55,6,17
12/1/2024,15,6.5,55,6,17
12/1/2024,15,6.5,55,6,17
12/1/2024,15,6.5,55,6,17
12/1/2024,15,6.5,55,6,17
12/1/2024,15,6.5,55,6,17
12/1/2024,15,6.5,55,6,17
12/1/2024,15,6.5,55,6,17
12/1/2024,15,6.5,55,6,17
12/1/2024,15,6.5,55,6,17
12/1/2024,15,6.5,55,6,17
12/1/2024,15,6.5,55,6,17
12/1/2024,15,6.5,55,6,17
12/1/2024,15,6.5,55,6,17
12/1/2024,15,6.5,55,6,17
12/1/2024,15,6.5,55,6,17
12/1/2024,15,6.5,55,6,17
12/1/2024,15,6.5,55,6,17
12/1/2024,15,6.5,55,6,17
12/1/2024,15,6.5,55,6,17
12/1/2024,15,6.5,55,6,17
12/1/2024,15,6.5,55,6,17
12/1/2024,15,6.5,55,6,17
12/1/2024,15,6.5,55,6,17
12/1/2024,15,6.5,55,6,17
12/1/2024,15,6.5,55,6,17
12/1/2024,15,6.5,55,6,17
12/1/2024,15,6.5,55,6,17
12/1/2024,15,6.5,55,6,17
12/1/2024,15,6.5,55,6,17
12/1/2024,15,6.5,55,6,17
12/1/2024,15,6.5,55,6,17
12/1/2024,15,6.5,55,6,17
12/1/2024,15,6.5,55,6,17
12/1/2024,15,6.5,55,6,17
12/1/2024,15,6.5,55,6,17
12/1/2024,15,6.5,55,6,17
12/1/2024,15,6.5,55,6,17
12/1/2024,15,6.5,55,6,17
12/1/2024,15,6.5,55,6,17
12/1/2024,15,6.5,55,6,17
12/1/2024,15,6.5,55,6,17
12/1/2024,15,6.5,55,6,17
12/1/2024,15,6.5,55,6,17
12/1/2024,15,6.5,55,6,17
12/1/2024,15,6.5,55,6,17
12/1/2024,15,6.5,55,6,17
12/1/2024,15,6.5,55,6,17
12/1/2024,15,6.5,55,6,17
12/1/2024,15,6.5,55,6,17
12/1/2024,15,6.5,55,6,17
12/1/2024,15,6.5,55,6,17
12/1/2024,15,6.5,55,6,17
12/1/2024,15,6.5,55,6,17
12/1/2024,15,6.5,55,6,17
12/1/2024,15,6.5,55,6,17
12/1/2024,15,6.5,55,6,17
12/1/2024,15,6.5,55,6,17
12/1/2024,15,6.5,55,6,17
12/1/2024,15,6.5,55,6,17
12/1/2024,15,6.5,55,6,17
12/1/2024,15,6.5,55,6,17
12/1/2024,15,6.5,55,6,17
12/1/2024,15,6.5,55,6,17
12/1/2024,15,6.5,55,6,17
12/1/2024,15,6.5,55,6,17
12/1/2024,15,6.5,55,6,17
12/1/2024,15,6.5,55,6,17
12/1/2024,15,6.5,55,6,17
12/1/2024,15,6.5,55,6,17
12/1/2024,15,6.5,55,6,17
12/1/2024,15,6.5,55,6,17
12/1/2024,15,6.5,55,6,17
12/1/2024,15,6.5,55,6,17
12/1/2024,15,6.5,55,6,17
12/1/2024,15,6.5,55,6,17
12/1/2024,15,6.5,55,6,17
12/1/2024,15,6.5,55,6,17
12/1/2024,15,6.5,55,6,17
12/1/2024,15,6.5,55,6,17
12/1/2024,15,6.5,55,6,17
12/1/2024,15,6.5,55,6,17
12/1/2024,15,6.5,55,6,17
12/1/2024,15,6.5,55,6,17
12/1/2024,15,6.5,55,6,17
12/1/2024,15,6.5,55,6,17
12/1/2024,15,6.5,55,6,17
12/1/2024,15,6.5,55,6,17
12/1/2024,15,6.5,55,6,17
12/1/2024,15,6.5,55,6,17
12/1/2024,15,6.5,55,6,17
12/1/2024,15,6.5,55,6,17
12/1/2024,15,6.5,55,6,17
12/1/2024,15,6.5,55,6,17
12/1/2024,15,6.5,55,6,17
12/1/2024,15,6.5,55,6,17
12/1/2024,15,6.5,55,6,17
12/1/2024,15,6.5,55,6,17
12/1/2024,15,6.5,55,6,17
12/1/2024,15,6.5,55,6,17
12/1/2024,15,6.5,55,6,17
12/1/2024,15,6.5,55,6,17
12/1/2024,15,6.5,55,6,17
12/1/2024,15,6.5,55,6,17
12/1/2024,15,6.5,55,6,17
12/1/2024,15,6.5,55,6,17
12/1/2024,15,6.5,55,6,17
12/1/2024,15,6.5,55,6,17
12/1/2024,15,6.5,55,6,17
12/1/2024,15,6.5,55,6,17
12/1/2024,15,6.5,55,6,17
12/1/2024,15,6.5,55,6,17
12/1/2024,15,6.5,55,6,17
12/1/2024,16,6.5,55,6,17
12/1/2024,16,6.5,55,6,17
12/1/2024,16,6.5,55,6,17
12/1/2024,16,6.5,55,6,17
12/1/2024,16,6.5,55,6,17
12/1/2024,16,6.5,55,6,17
12/1/2024,16,6.5,55,6,17
12/1/2024,16,6.5,55,6,17
12/1/2024,16,6.5,55,6,17
12/1/2024,16,6.5,55,6,17
12/1/2024,16,6.5,55,6,17
12/1/2024,16,6.5,55,6,17
12/1/2024,16,6.5,55,6,17
12/1/2024,16,6.5,55,6,17
12/1/2024,16,6.5,55,6,17
12/1/2024,16,6.5,55,6,17
12/1/2024,16,6.5,55,6,17
12/1/2024,16,6.5,55,6,17
12/1/2024,16,6.5,55,6,17
12/1/2024,16,6.5,55,6,17
12/1/2024,16,6.5,55,6,17
12/1/2024,16,6.5,55,6,17
12/1/2024,16,6.5,55,6,17
12/1/2024,16,6.5,55,6,17
12/1/2024,16,6.5,55,6,17
12/1/2024,16,6.5,55,6,17
12/1/2024,16,6.5,55,6,17
12/1/2024,16,6.5,55,6,17
12/1/2024,16,6.5,55,6,17
12/1/2024,16,6.5,55,6,17
12/1/2024,16,6.5,55,6,17
12/1/2024,16,6.5,55,6,17
12/1/2024,16,6.5,55,6,17
12/1/2024,16,6.5,55,6,17
12/1/2024,16,6.5,55,6,17
12/1/2024,16,6.5,55,6,17
12/1/2024,16,6.5,55,6,17
12/1/2024,16,6.5,55,6,17
12/1/2024,16,6.5,55,6,17
12/1/2024,16,6.5,55,6,17
12/1/2024,16,6.5,55,6,17
12/1/2024,16,6.5,55,6,17
12/1/2024,16,6.5,55,6,17
12/1/2024,16,6.5,55,6,17
12/1/2024,16,6.5,55,6,17
12/1/2024,16,6.5,55,6,17
12/1/2024,16,6.5,55,6,17
12/1/2024,16,6.5,55,6,17
12/1/2024,16,6.5,55,6,17
12/1/2024,16,6.5,55,6,17
12/1/2024,16,6.5,55,6,17
12/1/2024,16,6.5,55,6,17
12/1/2024,16,6.5,55,6,17
12/1/2024,16,6.5,55,6,17
12/1/2024,16,6.5,55,6,17
12/1/2024,16,6.5,55,6,17
12/1/2024,16,6.5,55,6,17
12/1/2024,16,6.5,55,6,17
12/1/2024,16,6.5,55,6,17
12/1/2024,16,6.5,55,6,17
12/1/2024,16,6.5,55,6,17
12/1/2024,16,6.5,55,6,17
12/1/2024,16,6.5,55,6,17
12/1/2024,16,6.5,55,6,17
12/1/2024,16,6.5,55,6,17
12/1/2024,16,6.5,55,6,17
12/1/2024,16,6.5,55,6,17
12/1/2024,16,6.5,55,6,17
12/1/2024,16,6.5,55,6,17
12/1/2024,16,6.5,55,6,17
12/1/2024,16,6.5,55,6,17
12/1/2024,16,6.5,55,6,17
12/1/2024,16,6.5,55,6,17
12/1/2024,16,6.5,55,6,17
12/1/2024,16,6.5,55,6,17
12/1/2024,16,6.5,55,6,17
12/1/2024,16,6.5,55,6,17
12/1/2024,16,6.5,55,6,17
12/1/2024,16,6.5,55,6,17
12/1/2024,16,6.5,55,6,17
12/1/2024,16,6.5,55,6,17
12/1/2024,16,6.5,55,6,17
12/1/2024,16,6.5,55,6,17
12/1/2024,16,6.5,55,6,17
12/1/2024,16,6.5,55,6,17
12/1/2024,16,6.5,55,6,17
12/1/2024,16,6.5,55,6,17
12/1/2024,16,6.5,55,6,17
12/1/2024,16,6.5,55,6,17
12/1/2024,16,6.5,55,6,17
12/1/2024,16,6.5,55,6,17
12/1/2024,16,6.5,55,6,17
12/1/2024,16,6.5,55,6,17
12/1/2024,16,6.5,55,6,17
12/1/2024,16,6.5,55,6,17
12/1/2024,16,6.5,55,6,17
12/1/2024,16,6.5,55,6,17
12/1/2024,16,6.5,55,6,17
12/1/2024,16,6.5,55,6,17
12/1/2024,16,6.5,55,6,17
12/1/2024,16,6.5,55,6,17
12/1/2024,16,6.5,55,6,17
12/1/2024,16,6.5,55,6,17
12/1/2024,16,6.5,55,6,17
12/1/2024,17,6.5,55,6,17
12/1/2024,17,6.5,55,6,17
12/1/2024,17,6.5,55,6,17
12/1/2024,17,6.5,55,6,17
12/1/2024,17,6.5,55,6,17
12/1/2024,17,6.5,55,6,17
12/1/2024,17,6.5,55,6,17
12/1/2024,17,6.5,55,6,17
12/1/2024,17,6.5,55,6,17
12/1/2024,17,6.5,55,6,17
12/1/2024,17,6.5,55,6,17
12/1/2024,17,6.5,55,6,17
12/1/2024,17,6.5,55,6,17
12/1/2024,17,6.5,55,6,17
12/1/2024,17,6.5,55,6,17
12/1/2024,17,6.5,55,6,17
12/1/2024,17,6.5,55,6,17
12/1/2024,17,6.5,55,6,17
12/1/2024,17,6.5,55,6,17
12/1/2024,17,6.5,55,6,17
12/1/2024,17,6.5,55,6,17
12/1/2024,17,6.5,55,6,17
12/1/2024,17,6.5,55,6,17
12/1/2024,17,6.5,55,6,17
12/1/2024,17,6.5,55,6,17
12/1/2024,17,6.5,55,6,17
12/1/2024,17,6.5,55,6,17
12/1/2024,17,6.5,55,6,17
12/1/2024,17,6.5,55,6,17
12/1/2024,17,6.5,55,6,17
12/1/2024,17,6.5,55,6,17
12/1/2024,17,6.5,55,6,17
12/1/2024,17,6.5,55,6,17
12/1/2024,17,6.5,55,6,17
12/1/2024,17,6.5,55,6,17
12/1/2024,17,6.5,55,6,17
12/1/2024,17,6.5,55,6,17
12/1/2024,17,6.5,55,6,17
12/1/2024,17,6.5,55,6,17
12/1/2024,17,6.5,55,6,17
12/1/2024,17,6.5,55,6,17
12/1/2024,17,6.5,55,6,17
12/1/2024,17,6.5,55,6,17
12/1/2024,17,6.5,55,6,17
12/1/2024,17,6.5,55,6,17
12/1/2024,17,6.5,55,6,17
12/1/2024,17,6.5,55,6,17
12/1/2024,17,6.5,55,6,17
12/1/2024,17,6.5,55,6,17
12/1/2024,17,6.5,55,6,17
12/1/2024,17,6.5,55,6,17
12/1/2024,17,6.5,55,6,17
12/1/2024,17,6.5,55,6,17
12/1/2024,17,6.5,55,6,17
12/1/2024,17,6.5,55,6,17
12/1/2024,17,6.5,55,6,17
12/1/2024,17,6.5,55,6,17
12/1/2024,17,6.5,55,6,17
12/1/2024,17,6.5,55,6,17
12/1/2024,17,6.5,55,6,17
12/1/2024,17,6.5,55,6,17
12/1/2024,17,6.5,55,6,17
12/1/2024,17,6.5,55,6,17
12/1/2024,17,6.5,55,6,17
12/1/2024,17,6.5,55,6,17
12/1/2024,17,6.5,55,6,17
12/1/2024,17,6.5,55,6,17
12/1/2024,17,6.5,55,6,17
12/1/2024,17,6.5,55,6,17
12/1/2024,17,6.5,55,6,17
12/1/2024,17,6.5,55,6,17
12/1/2024,17,6.5,55,6,17
12/1/2024,17,6.5,55,6,17
12/1/2024,17,6.5,55,6,17
12/1/2024,17,6.5,55,6,17
12/1/2024,17,6.5,55,6,17
12/1/2024,17,6.5,55,6,17
12/1/2024,17,6.5,55,6,17
12/1/2024,17,6.5,55,6,17
12/1/2024,17,6.5,55,6,17
12/1/2024,17,6.5,55,6,17
12/1/2024,17,6.5,55,6,17
12/1/2024,17,6.5,55,6,17
12/1/2024,17,6.5,55,6,17
12/1/2024,17,6.5,55,6,17
12/1/2024,17,6.5,55,6,17
12/1/2024,17,6.5,55,6,17
12/1/2024,17,6.5,55,6,17
12/1/2024,17,6.5,55,6,17
12/1/2024,17,6.5,55,6,17
12/1/2024,17,6.5,55,6,17
12/1/2024,17,6.5,55,6,17
12/1/2024,17,6.5,55,6,17
12/1/2024,17,6.5,55,6,17
12/1/2024,17,6.5,55,6,17
12/1/2024,17,6.5,55,6,17
12/1/2024,17,6.5,55,6,17
12/1/2024,17,6.5,55,6,17
12/1/2024,17,6.5,55,6,17
12/1/2024,17,6.5,55,6,17
12/1/2024,17,6.5,55,6,17
12/1/2024,17,6.5,55,6,17
12/1/2024,17,6.5,55,6,17
12/1/2024,17,6.5,55,6,17
12/1/2024,17,6.5,55,6,17
12/1/2024,17,6.5,55,6,17
12/1/2024,17,6.5,55,6,17
12/1/2024,17,6.5,55,6,17
12/1/2024,17,6.5,55,6,17
12/1/2024,17,6.5,55,6,17
12/1/2024,17,6.5,55,6,17
12/1/2024,17,6.5,55,6,17
12/1/2024,17,6.5,55,6,17
12/1/2024,17,6.5,55,6,17
12/1/2024,17,6.5,55,6,17
12/1/2024,17,6.5,55,6,17
12/1/2024,18,6.5,55,6,17
12/1/2024,18,6.5,55,6,17
12/1/2024,18,6.5,55,6,17
12/1/2024,18,6.5,55,6,17
12/1/2024,18,6.5,55,6,17
12/1/2024,18,6.5,55,6,17
12/1/2024,18,6.5,55,6,17
12/1/2024,18,6.5,55,6,17
12/1/2024,18,6.5,55,6,17
12/1/2024,18,6.5,55,6,17
12/1/2024,18,6.5,55,6,17
12/1/2024,18,6.5,55,6,17
12/1/2024,18,6.5,55,6,17
12/1/2024,18,6.5,55,6,17
12/1/2024,18,6.5,55,6,17
12/1/2024,18,6.5,55,6,17
12/1/2024,18,6.5,55,6,17
12/1/2024,18,6.5,55,6,17
12/1/2024,18,6.5,55,6,17
12/1/2024,18,6.5,55,6,17
12/1/2024,18,6.5,55,6,17
12/1/2024,18,6.5,55,6,17
12/1/2024,18,6.5,55,6,17
12/1/2024,18,6.5,55,6,17
12/1/2024,18,6.5,55,6,17
12/1/2024,18,6.5,55,6,17
12/1/2024,18,6.5,55,6,17
12/1/2024,18,6.5,55,5,17
12/1/2024,18,6.5,55,5,17
12/1/2024,18,6.5,55,5,17
12/1/2024,18,6.5,55,5,17
12/1/2024,18,6.5,55,5,17
12/1/2024,18,6.5,55,5,17
12/1/2024,18,6.5,55,5,17
12/1/2024,18,6.5,55,5,17
12/1/2024,18,6.5,55,5,17
12/1/2024,18,6.5,55,5,17
12/1/2024,18,6.5,55,5,17
12/1/2024,18,6.5,55,5,17
12/1/2024,18,6.5,55,5,17
12/1/2024,18,6.5,55,5,17
12/1/2024,18,6.5,55,5,17
12/1/2024,18,6.5,55,5,17
12/1/2024,18,6.5,55,5,17
12/1/2024,18,6.5,55,5,17
12/1/2024,18,6.5,55,5,17
12/1/2024,18,6.5,55,5,17
12/1/2024,18,6.5,55,5,17
12/1/2024,18,6.5,55,5,17
12/1/2024,18,6.5,55,5,17
12/1/2024,18,6.5,55,5,17
12/1/2024,18,6.5,55,5,17
12/1/2024,18,6.5,55,5,17
12/1/2024,18,6.5,55,5,17
12/1/2024,18,6.5,55,5,17
12/1/2024,18,6.5,55,5,17
12/1/2024,18,6.5,55,5,17
12/1/2024,18,6.5,55,5,17
12/1/2024,18,6.5,55,5,17
12/1/2024,18,6.5,55,5,17
12/1/2024,18,6.5,55,5,17
12/1/2024,18,6.5,55,5,17
12/1/2024,18,6.5,55,5,17
12/1/2024,18,6.5,55,5,17
12/1/2024,18,6.5,55,5,17
12/1/2024,18,6.5,55,5,17
12/1/2024,18,6.5,55,5,17
12/1/2024,18,6.5,55,5,17
12/1/2024,18,6.5,55,5,17
12/1/2024,18,6.5,55,5,17
12/1/2024,18,6.5,55,5,17
12/1/2024,18,6.5,55,5,17
12/1/2024,18,6.5,55,5,17
12/1/2024,18,6.5,55,5,17
12/1/2024,18,6.5,55,5,17
12/1/2024,18,6.5,55,5,16
12/1/2024,18,6.5,55,5,16
12/1/2024,18,6.5,55,5,16
12/1/2024,18,6.5,55,5,16
12/1/2024,18,6.5,55,5,16
12/1/2024,18,6.5,55,5,16
12/1/2024,18,6.5,55,5,16
12/1/2024,18,6.5,55,5,16
12/1/2024,18,6.5,55,5,16
12/1/2024,18,6.5,55,5,16
12/1/2024,18,6.5,55,5,16
12/1/2024,18,6.5,55,5,16
12/1/2024,18,6.5,55,5,16
12/1/2024,18,6.5,55,5,16
12/1/2024,18,6.5,55,5,16
12/1/2024,18,6.5,55,5,16
12/1/2024,18,6.5,55,5,16
12/1/2024,18,6.5,55,5,16
12/1/2024,18,6.5,55,5,16
12/1/2024,18,6.5,55,5,16
12/1/2024,18,6.5,55,5,16
12/1/2024,18,6.5,55,5,16
12/1/2024,18,6.5,55,5,16
12/1/2024,18,6.5,55,4,16
12/1/2024,18,6.5,55,4,16
12/1/2024,18,6.5,55,4,16
12/1/2024,18,6.5,55,4,16
12/1/2024,18,6.5,55,4,16
12/1/2024,18,6.5,55,4,16
12/1/2024,18,6.5,55,4,16
12/1/2024,18,6.5,55,4,16
12/1/2024,18,6.5,55,4,16
12/1/2024,19,6.5,55,4,16
12/1/2024,19,6.5,55,4,16
12/1/2024,19,6.5,55,4,16
12/1/2024,19,6.5,55,4,16
12/1/2024,19,6.5,55,4,16
12/1/2024,19,6.5,55,4,16
12/1/2024,19,6.5,55,4,16
12/1/2024,19,6.5,55,4,16
12/1/2024,19,6.5,55,4,16
12/1/2024,19,6.5,55,4,16
12/1/2024,19,6.5,55,4,16
12/1/2024,19,6.5,55,4,16
12/1/2024,19,6.5,55,4,16
12/1/2024,19,6.5,55,4,16
12/1/2024,19,6.5,55,4,16
12/1/2024,19,6.5,55,4,16
12/1/2024,19,6.5,55,4,16
12/1/2024,19,6.5,55,4,16
12/1/2024,19,6.5,55,4,16
12/1/2024,19,6.5,55,4,16
12/1/2024,19,6.5,55,4,16
12/1/2024,19,6.5,55,4,16
12/1/2024,19,6.5,55,4,16
12/1/2024,19,6.5,55,4,16
12/1/2024,19,6.5,55,4,16
12/1/2024,19,6.5,55,4,16
12/1/2024,19,6.5,55,4,16
12/1/2024,19,6.5,55,4,16
12/1/2024,19,6.5,55,4,16
12/1/2024,19,6.5,55,4,16
12/1/2024,19,6.5,55,4,16
12/1/2024,19,6.5,55,4,16
12/1/2024,19,6.5,55,4,16
12/1/2024,19,6.5,55,4,16
12/1/2024,19,6.5,55,4,16
12/1/2024,19,6.5,55,4,16
12/1/2024,19,6.5,55,4,16
12/1/2024,19,6.5,55,4,16
12/1/2024,19,6.5,55,4,16
12/1/2024,19,6.5,55,4,16
12/1/2024,19,6.5,55,4,16
12/1/2024,19,6.5,55,4,16
12/1/2024,19,6.5,55,4,16
12/1/2024,19,6.5,55,4,16
12/1/2024,19,6.5,55,4,16
12/1/2024,19,6.5,55,4,16
12/1/2024,19,6.5,55,4,16
12/1/2024,19,6.5,55,4,16
12/1/2024,19,6.5,55,4,16
12/1/2024,19,6.5,55,4,16
12/1/2024,19,6.5,55,4,16
12/1/2024,19,6.5,55,4,16
12/1/2024,19,6.5,55,4,16
12/1/2024,19,6.5,55,4,16
12/1/2024,19,6.5,55,4,16
12/1/2024,19,6.5,55,4,16
12/1/2024,19,6.5,55,4,16
12/1/2024,19,6.5,55,4,16
12/1/2024,19,6.5,55,4,16
12/1/2024,19,6.5,55,4,16
12/1/2024,19,6.5,55,4,16
12/1/2024,19,6.5,55,4,16
12/1/2024,19,6.5,55,4,16
12/1/2024,19,6.5,55,4,16
12/1/2024,19,6.5,55,4,16
12/1/2024,19,6.5,55,4,16
12/1/2024,19,6.5,55,4,16
12/1/2024,19,6.5,55,4,16
12/1/2024,19,6.5,55,4,16
12/1/2024,19,6.5,55,4,16
12/1/2024,19,6.5,55,4,16
12/1/2024,19,6.5,55,4,16
12/1/2024,19,6.5,55,4,16
12/1/2024,19,6.5,55,4,16
12/1/2024,19,6.5,55,4,16
12/1/2024,19,6.5,55,4,16
12/1/2024,19,6.5,55,4,16
12/1/2024,19,6.5,55,4,16
12/1/2024,19,6.5,55,4,16
12/1/2024,19,6.5,55,4,16
12/1/2024,19,6.5,55,4,16
12/1/2024,19,6.5,55,4,16
12/1/2024,19,6.5,55,4,16
12/1/2024,19,6.5,55,4,16
12/1/2024,19,6.5,55,4,16
12/1/2024,19,6.5,55,4,16
12/1/2024,19,6.5,55,4,16
12/1/2024,19,6.5,55,4,16
12/1/2024,19,6.5,55,4,16
12/1/2024,19,6.5,55,4,16
12/1/2024,19,6.5,55,4,16
12/1/2024,19,6.5,55,4,16
12/1/2024,19,6.5,55,4,16
12/1/2024,20,6.5,55,4,16
12/1/2024,20,6.5,55,4,16
12/1/2024,20,6.5,55,4,16
12/1/2024,20,6.5,55,4,16
12/1/2024,20,6.5,55,4,16
12/1/2024,20,6.5,55,4,16
12/1/2024,20,6.5,55,4,16
12/1/2024,20,6.5,55,4,16
12/1/2024,20,6.5,55,4,16
12/1/2024,20,6.5,55,4,16
12/1/2024,20,6.5,55,4,16
12/1/2024,20,6.5,55,4,16
12/1/2024,20,6.5,55,4,16
12/1/2024,20,6.5,55,4,16
12/1/2024,20,6.5,55,4,16
12/1/2024,20,6.5,55,4,16
12/1/2024,20,6.5,55,4,16
12/1/2024,20,6.5,55,4,16
12/1/2024,20,6.5,55,4,16
12/1/2024,20,6.5,55,4,16
12/1/2024,20,6.5,55,4,16
12/1/2024,20,6.5,55,4,16
12/1/2024,20,6.5,55,4,16
12/1/2024,20,6.5,55,4,16
12/1/2024,20,6.5,55,4,16
12/1/2024,20,6.5,55,4,16
12/1/2024,20,6.5,55,4,16
12/1/2024,20,6.5,55,4,16
12/1/2024,20,6.5,55,4,16
12/1/2024,20,6.5,55,4,16
12/1/2024,20,6.5,55,4,16
12/1/2024,20,6.5,55,4,16
12/1/2024,20,6.5,55,4,16
12/1/2024,20,6.5,55,4,16
12/1/2024,20,6.5,55,4,16
12/1/2024,20,6.5,55,4,16
12/1/2024,20,6.5,55,4,16
12/1/2024,20,6.5,55,4,16
12/1/2024,20,6.5,55,4,16
12/1/2024,20,6.5,55,4,16
12/1/2024,20,6.5,55,4,16
12/1/2024,20,6.5,55,4,16
12/1/2024,20,6.5,55,4,16
12/1/2024,20,6.5,55,4,16
12/1/2024,20,6.5,55,4,16
12/1/2024,20,6.5,55,4,16
12/1/2024,20,6.5,55,4,16
12/1/2024,20,6.5,55,4,16
12/1/2024,20,6.5,55,4,16
12/1/2024,20,6.5,55,4,16
12/1/2024,20,6.5,55,4,16
12/1/2024,20,6.5,55,4,16
12/1/2024,20,6.5,55,4,16
12/1/2024,20,6.5,55,4,16
12/1/2024,20,6.5,55,4,16
12/1/2024,20,6.6,55,4,16
12/1/2024,20,6.6,55,4,16
12/1/2024,20,6.6,54,4,16
12/1/2024,20,6.6,54,4,16
12/1/2024,20,6.6,54,4,16
12/1/2024,20,6.6,54,4,16
12/1/2024,20,6.6,54,4,16
12/1/2024,20,6.6,54,4,16
12/1/2024,20,6.6,54,4,16
12/1/2024,20,6.6,54,4,16
12/1/2024,20,6.6,54,4,16
12/1/2024,20,6.6,54,4,16
12/1/2024,20,6.6,54,4,16
12/1/2024,20,6.6,54,4,16
12/1/2024,20,6.6,54,4,16
12/1/2024,20,6.6,54,4,16
12/1/2024,20,6.6,54,4,16
12/1/2024,20,6.6,54,4,16
12/1/2024,20,6.6,54,4,16
12/1/2024,20,6.6,54,4,16
12/1/2024,20,6.6,54,4,16
12/1/2024,21,6.6,54,4,16
12/1/2024,21,6.6,54,4,16
12/1/2024,21,6.6,54,4,16
12/1/2024,21,6.6,54,4,16
12/1/2024,21,6.6,54,4,16
12/1/2024,21,6.6,54,4,16
12/1/2024,21,6.6,54,4,16
12/1/2024,21,6.6,54,4,16
